transaction_id,date,customer_id,gender,age,product_category,quantity,price_per_unit,total_amount,recency,frequency,monetary,r_score,f_score,m_score,rfm_code,customer_segment
1,2023-11-24,CUST001,Male,34,Beauty,3,50,150,37,1,150,4,1,1,411,"Low Engagement"
2,2023-02-27,CUST002,Female,26,Clothing,2,500,1000,307,1,1000,2,1,4,214,"At Risk"
3,2023-01-13,CUST003,Male,50,Electronics,1,30,30,352,1,30,2,1,1,211,"At Risk"
4,2023-05-21,CUST004,Male,37,Clothing,1,500,500,224,1,500,2,1,3,213,"At Risk"
5,2023-05-06,CUST005,Male,30,Beauty,2,50,100,239,1,100,2,1,1,211,"At Risk"
6,2023-04-25,CUST006,Female,45,Beauty,1,30,30,250,1,30,2,1,1,211,"At Risk"
7,2023-03-13,CUST007,Male,46,Clothing,2,25,50,293,1,50,2,1,1,211,"At Risk"
8,2023-02-22,CUST008,Male,30,Electronics,4,25,100,312,1,100,2,1,1,211,"At Risk"
9,2023-12-13,CUST009,Male,63,Electronics,2,300,600,18,1,600,5,1,3,513,"Loyal Customers"
10,2023-10-07,CUST010,Female,52,Clothing,4,50,200,85,1,200,4,1,1,411,"Low Engagement"
11,2023-02-14,CUST011,Male,23,Clothing,2,50,100,320,1,100,2,1,1,211,"At Risk"
12,2023-10-30,CUST012,Male,35,Beauty,3,25,75,62,1,75,4,1,1,411,"Low Engagement"
13,2023-08-05,CUST013,Male,22,Electronics,3,500,1500,148,1,1500,3,1,5,315,"Big Spenders"
14,2023-01-17,CUST014,Male,64,Clothing,4,30,120,348,1,120,2,1,1,211,"At Risk"
15,2023-01-16,CUST015,Female,42,Electronics,4,500,2000,349,1,2000,2,1,5,215,"Big Spenders"
16,2023-02-17,CUST016,Male,19,Clothing,3,500,1500,317,1,1500,2,1,5,215,"Big Spenders"
17,2023-04-22,CUST017,Female,27,Clothing,4,25,100,253,1,100,2,1,1,211,"At Risk"
18,2023-04-30,CUST018,Female,47,Electronics,2,25,50,245,1,50,2,1,1,211,"At Risk"
19,2023-09-16,CUST019,Female,62,Clothing,2,25,50,106,1,50,3,1,1,311,"Low Engagement"
20,2023-11-05,CUST020,Male,22,Clothing,3,300,900,56,1,900,4,1,3,413,"Low Engagement"
21,2023-01-14,CUST021,Female,50,Beauty,1,500,500,351,1,500,2,1,3,213,"At Risk"
22,2023-10-15,CUST022,Male,18,Clothing,2,50,100,77,1,100,4,1,1,411,"Low Engagement"
23,2023-04-12,CUST023,Female,35,Clothing,4,30,120,263,1,120,2,1,1,211,"At Risk"
24,2023-11-29,CUST024,Female,49,Clothing,1,300,300,32,1,300,4,1,2,412,"Low Engagement"
25,2023-12-26,CUST025,Female,64,Beauty,1,50,50,5,1,50,5,1,1,511,"Loyal Customers"
26,2023-10-07,CUST026,Female,28,Electronics,2,500,1000,85,1,1000,4,1,4,414,"Low Engagement"
27,2023-08-03,CUST027,Female,38,Beauty,2,25,50,150,1,50,3,1,1,311,"Low Engagement"
28,2023-04-23,CUST028,Female,43,Beauty,1,500,500,252,1,500,2,1,3,213,"At Risk"
29,2023-08-18,CUST029,Female,42,Electronics,1,30,30,135,1,30,3,1,1,311,"Low Engagement"
30,2023-10-29,CUST030,Female,39,Beauty,3,300,900,63,1,900,4,1,3,413,"Low Engagement"
31,2023-05-23,CUST031,Male,44,Electronics,4,300,1200,222,1,1200,2,1,4,214,"At Risk"
32,2023-01-04,CUST032,Male,30,Beauty,3,30,90,361,1,90,2,1,1,211,"At Risk"
33,2023-03-23,CUST033,Female,50,Electronics,2,50,100,283,1,100,2,1,1,211,"At Risk"
34,2023-12-24,CUST034,Female,51,Clothing,3,50,150,7,1,150,5,1,1,511,"Loyal Customers"
35,2023-08-05,CUST035,Female,58,Beauty,3,300,900,148,1,900,3,1,3,313,"Low Engagement"
36,2023-06-24,CUST036,Male,52,Beauty,3,300,900,190,1,900,3,1,3,313,"Low Engagement"
37,2023-05-23,CUST037,Female,18,Beauty,3,25,75,222,1,75,2,1,1,211,"At Risk"
38,2023-03-21,CUST038,Male,38,Beauty,4,50,200,285,1,200,2,1,1,211,"At Risk"
39,2023-04-21,CUST039,Male,23,Clothing,4,30,120,254,1,120,2,1,1,211,"At Risk"
40,2023-06-22,CUST040,Male,45,Beauty,1,50,50,192,1,50,2,1,1,211,"At Risk"
41,2023-02-22,CUST041,Male,34,Clothing,2,25,50,312,1,50,2,1,1,211,"At Risk"
42,2023-02-17,CUST042,Male,22,Clothing,3,300,900,317,1,900,2,1,3,213,"At Risk"
43,2023-07-14,CUST043,Female,48,Clothing,1,300,300,170,1,300,3,1,2,312,"Low Engagement"
44,2023-02-19,CUST044,Female,22,Clothing,1,25,25,315,1,25,2,1,1,211,"At Risk"
45,2023-07-03,CUST045,Female,55,Electronics,1,30,30,181,1,30,3,1,1,311,"Low Engagement"
46,2023-06-26,CUST046,Female,20,Electronics,4,300,1200,188,1,1200,3,1,4,314,"Low Engagement"
47,2023-11-06,CUST047,Female,40,Beauty,3,500,1500,55,1,1500,4,1,5,415,"Big Spenders"
48,2023-05-16,CUST048,Male,54,Electronics,3,300,900,229,1,900,2,1,3,213,"At Risk"
49,2023-01-23,CUST049,Female,54,Electronics,2,500,1000,342,1,1000,2,1,4,214,"At Risk"
50,2023-08-24,CUST050,Female,27,Beauty,3,25,75,129,1,75,3,1,1,311,"Low Engagement"
51,2023-10-02,CUST051,Male,27,Beauty,3,25,75,90,1,75,4,1,1,411,"Low Engagement"
52,2023-03-05,CUST052,Female,36,Beauty,1,300,300,301,1,300,2,1,2,212,"At Risk"
53,2023-07-13,CUST053,Male,34,Electronics,2,50,100,171,1,100,3,1,1,311,"Low Engagement"
54,2023-02-10,CUST054,Female,38,Electronics,3,500,1500,324,1,1500,2,1,5,215,"Big Spenders"
55,2023-10-10,CUST055,Male,31,Beauty,4,30,120,82,1,120,4,1,1,411,"Low Engagement"
56,2023-05-31,CUST056,Female,26,Clothing,3,300,900,214,1,900,2,1,3,213,"At Risk"
57,2023-11-18,CUST057,Female,63,Beauty,1,30,30,43,1,30,4,1,1,411,"Low Engagement"
58,2023-11-13,CUST058,Male,18,Clothing,4,300,1200,48,1,1200,4,1,4,414,"Low Engagement"
59,2023-07-05,CUST059,Male,62,Clothing,1,50,50,179,1,50,3,1,1,311,"Low Engagement"
60,2023-10-23,CUST060,Male,30,Beauty,3,50,150,69,1,150,4,1,1,411,"Low Engagement"
61,2023-04-09,CUST061,Male,21,Beauty,4,50,200,266,1,200,2,1,1,211,"At Risk"
62,2023-12-27,CUST062,Male,18,Beauty,2,50,100,4,1,100,5,1,1,511,"Loyal Customers"
63,2023-02-05,CUST063,Male,57,Electronics,2,25,50,329,1,50,2,1,1,211,"At Risk"
64,2023-01-24,CUST064,Male,49,Clothing,4,25,100,341,1,100,2,1,1,211,"At Risk"
65,2023-12-05,CUST065,Male,51,Electronics,4,500,2000,26,1,2000,5,1,5,515,"Loyal Customers"
66,2023-04-27,CUST066,Female,45,Electronics,1,30,30,248,1,30,2,1,1,211,"At Risk"
67,2023-05-29,CUST067,Female,48,Beauty,4,300,1200,216,1,1200,2,1,4,214,"At Risk"
68,2023-02-10,CUST068,Male,25,Electronics,1,300,300,324,1,300,2,1,2,212,"At Risk"
69,2023-04-30,CUST069,Female,56,Beauty,3,25,75,245,1,75,2,1,1,211,"At Risk"
70,2023-02-21,CUST070,Female,43,Clothing,1,300,300,313,1,300,2,1,2,212,"At Risk"
71,2023-07-14,CUST071,Female,51,Beauty,4,25,100,170,1,100,3,1,1,311,"Low Engagement"
72,2023-05-23,CUST072,Female,20,Electronics,4,500,2000,222,1,2000,2,1,5,215,"Big Spenders"
73,2023-08-21,CUST073,Male,29,Electronics,3,30,90,132,1,90,3,1,1,311,"Low Engagement"
74,2023-11-22,CUST074,Female,18,Beauty,4,500,2000,39,1,2000,4,1,5,415,"Big Spenders"
75,2023-07-06,CUST075,Male,61,Beauty,4,50,200,178,1,200,3,1,1,311,"Low Engagement"
76,2023-03-25,CUST076,Female,22,Electronics,2,50,100,281,1,100,2,1,1,211,"At Risk"
77,2023-07-09,CUST077,Female,47,Clothing,2,50,100,175,1,100,3,1,1,311,"Low Engagement"
78,2023-07-01,CUST078,Female,47,Clothing,3,500,1500,183,1,1500,3,1,5,315,"Big Spenders"
79,2023-04-18,CUST079,Male,34,Beauty,1,300,300,257,1,300,2,1,2,212,"At Risk"
80,2023-12-10,CUST080,Female,64,Clothing,2,30,60,21,1,60,5,1,1,511,"Loyal Customers"
81,2023-05-17,CUST081,Male,40,Electronics,1,50,50,228,1,50,2,1,1,211,"At Risk"
82,2023-12-26,CUST082,Female,32,Beauty,4,50,200,5,1,200,5,1,1,511,"Loyal Customers"
83,2023-12-16,CUST083,Male,54,Electronics,2,50,100,15,1,100,5,1,1,511,"Loyal Customers"
84,2023-11-28,CUST084,Female,38,Electronics,3,30,90,33,1,90,4,1,1,411,"Low Engagement"
85,2023-02-06,CUST085,Male,31,Clothing,3,50,150,328,1,150,2,1,1,211,"At Risk"
86,2023-11-08,CUST086,Male,19,Beauty,3,30,90,53,1,90,4,1,1,411,"Low Engagement"
87,2023-11-22,CUST087,Female,28,Beauty,2,50,100,39,1,100,4,1,1,411,"Low Engagement"
88,2023-03-29,CUST088,Male,56,Clothing,1,500,500,277,1,500,2,1,3,213,"At Risk"
89,2023-10-01,CUST089,Female,55,Electronics,4,500,2000,91,1,2000,4,1,5,415,"Big Spenders"
90,2023-05-06,CUST090,Female,51,Electronics,1,30,30,239,1,30,2,1,1,211,"At Risk"
91,2023-03-25,CUST091,Female,55,Electronics,1,500,500,281,1,500,2,1,3,213,"At Risk"
92,2023-08-25,CUST092,Female,51,Electronics,4,30,120,128,1,120,3,1,1,311,"Low Engagement"
93,2023-07-14,CUST093,Female,35,Beauty,4,500,2000,170,1,2000,3,1,5,315,"Big Spenders"
94,2023-05-19,CUST094,Female,47,Beauty,2,500,1000,226,1,1000,2,1,4,214,"At Risk"
95,2023-11-24,CUST095,Female,32,Clothing,2,30,60,37,1,60,4,1,1,411,"Low Engagement"
96,2023-12-19,CUST096,Female,44,Clothing,2,300,600,12,1,600,5,1,3,513,"Loyal Customers"
97,2023-10-13,CUST097,Female,51,Beauty,2,500,1000,79,1,1000,4,1,4,414,"Low Engagement"
98,2023-04-23,CUST098,Female,55,Beauty,2,50,100,252,1,100,2,1,1,211,"At Risk"
99,2023-12-17,CUST099,Female,50,Electronics,4,300,1200,14,1,1200,5,1,4,514,"Loyal Customers"
100,2023-06-16,CUST100,Male,41,Electronics,1,30,30,198,1,30,2,1,1,211,"At Risk"
101,2023-01-29,CUST101,Male,32,Clothing,2,300,600,336,1,600,2,1,3,213,"At Risk"
102,2023-04-28,CUST102,Female,47,Beauty,2,25,50,247,1,50,2,1,1,211,"At Risk"
103,2023-01-17,CUST103,Female,59,Clothing,1,25,25,348,1,25,2,1,1,211,"At Risk"
104,2023-06-11,CUST104,Female,34,Beauty,2,500,1000,203,1,1000,2,1,4,214,"At Risk"
105,2023-07-25,CUST105,Female,22,Electronics,1,500,500,159,1,500,3,1,3,313,"Low Engagement"
106,2023-05-18,CUST106,Female,46,Clothing,1,50,50,227,1,50,2,1,1,211,"At Risk"
107,2023-02-03,CUST107,Female,21,Clothing,4,300,1200,331,1,1200,2,1,4,214,"At Risk"
108,2023-04-19,CUST108,Female,27,Beauty,3,25,75,256,1,75,2,1,1,211,"At Risk"
109,2023-10-18,CUST109,Female,34,Electronics,4,500,2000,74,1,2000,4,1,5,415,"Big Spenders"
110,2023-06-11,CUST110,Male,27,Clothing,3,300,900,203,1,900,2,1,3,213,"At Risk"
111,2023-04-19,CUST111,Female,34,Electronics,3,500,1500,256,1,1500,2,1,5,215,"Big Spenders"
112,2023-12-02,CUST112,Male,37,Clothing,3,500,1500,29,1,1500,5,1,5,515,"Loyal Customers"
113,2023-09-13,CUST113,Female,41,Electronics,2,25,50,109,1,50,3,1,1,311,"Low Engagement"
114,2023-07-22,CUST114,Female,22,Beauty,4,25,100,162,1,100,3,1,1,311,"Low Engagement"
115,2023-11-26,CUST115,Male,51,Clothing,3,500,1500,35,1,1500,4,1,5,415,"Big Spenders"
116,2023-08-23,CUST116,Female,23,Clothing,1,30,30,130,1,30,3,1,1,311,"Low Engagement"
117,2023-03-15,CUST117,Male,19,Electronics,2,500,1000,291,1,1000,2,1,4,214,"At Risk"
118,2023-05-16,CUST118,Female,30,Electronics,4,500,2000,229,1,2000,2,1,5,215,"Big Spenders"
119,2023-03-13,CUST119,Female,60,Clothing,3,50,150,293,1,150,2,1,1,211,"At Risk"
120,2023-05-07,CUST120,Male,60,Beauty,1,50,50,238,1,50,2,1,1,211,"At Risk"
121,2023-10-15,CUST121,Female,28,Electronics,4,50,200,77,1,200,4,1,1,411,"Low Engagement"
122,2023-10-03,CUST122,Male,64,Electronics,4,30,120,89,1,120,4,1,1,411,"Low Engagement"
123,2023-05-15,CUST123,Female,40,Electronics,2,30,60,230,1,60,2,1,1,211,"At Risk"
124,2023-10-27,CUST124,Male,33,Clothing,4,500,2000,65,1,2000,4,1,5,415,"Big Spenders"
125,2023-08-08,CUST125,Male,48,Clothing,2,50,100,145,1,100,3,1,1,311,"Low Engagement"
126,2023-10-26,CUST126,Female,28,Clothing,3,30,90,66,1,90,4,1,1,411,"Low Engagement"
127,2023-07-24,CUST127,Female,33,Clothing,2,25,50,160,1,50,3,1,1,311,"Low Engagement"
128,2023-07-05,CUST128,Male,25,Beauty,1,500,500,179,1,500,3,1,3,313,"Low Engagement"
129,2023-04-23,CUST129,Female,21,Beauty,2,300,600,252,1,600,2,1,3,213,"At Risk"
130,2023-03-12,CUST130,Female,57,Clothing,1,500,500,294,1,500,2,1,3,213,"At Risk"
131,2023-09-18,CUST131,Female,21,Beauty,2,300,600,104,1,600,3,1,3,313,"Low Engagement"
132,2023-09-10,CUST132,Male,42,Electronics,4,50,200,112,1,200,3,1,1,311,"Low Engagement"
133,2023-02-16,CUST133,Male,20,Electronics,3,300,900,318,1,900,2,1,3,213,"At Risk"
134,2023-01-25,CUST134,Male,49,Electronics,1,50,50,340,1,50,2,1,1,211,"At Risk"
135,2023-02-26,CUST135,Male,20,Clothing,2,25,50,308,1,50,2,1,1,211,"At Risk"
136,2023-03-20,CUST136,Male,44,Electronics,2,300,600,286,1,600,2,1,3,213,"At Risk"
137,2023-11-18,CUST137,Male,46,Beauty,2,500,1000,43,1,1000,4,1,4,414,"Low Engagement"
138,2023-03-23,CUST138,Male,49,Clothing,4,50,200,283,1,200,2,1,1,211,"At Risk"
139,2023-12-15,CUST139,Male,36,Beauty,4,500,2000,16,1,2000,5,1,5,515,"Loyal Customers"
140,2023-08-05,CUST140,Male,38,Electronics,1,30,30,148,1,30,3,1,1,311,"Low Engagement"
141,2023-11-02,CUST141,Female,22,Electronics,1,50,50,59,1,50,4,1,1,411,"Low Engagement"
142,2023-02-02,CUST142,Male,35,Electronics,4,300,1200,332,1,1200,2,1,4,214,"At Risk"
143,2023-07-17,CUST143,Female,45,Clothing,1,50,50,167,1,50,3,1,1,311,"Low Engagement"
144,2023-07-15,CUST144,Female,59,Beauty,3,500,1500,169,1,1500,3,1,5,315,"Big Spenders"
145,2023-11-02,CUST145,Female,39,Clothing,3,25,75,59,1,75,4,1,1,411,"Low Engagement"
146,2023-08-28,CUST146,Male,38,Clothing,4,50,200,125,1,200,3,1,1,311,"Low Engagement"
147,2023-09-28,CUST147,Male,23,Electronics,1,300,300,94,1,300,4,1,2,412,"Low Engagement"
148,2023-05-09,CUST148,Male,18,Clothing,2,30,60,236,1,60,2,1,1,211,"At Risk"
149,2023-10-11,CUST149,Male,22,Clothing,3,25,75,81,1,75,4,1,1,411,"Low Engagement"
150,2023-01-06,CUST150,Female,58,Electronics,4,30,120,359,1,120,2,1,1,211,"At Risk"
151,2023-12-15,CUST151,Male,29,Clothing,1,50,50,16,1,50,5,1,1,511,"Loyal Customers"
152,2023-02-28,CUST152,Male,43,Electronics,4,500,2000,306,1,2000,2,1,5,215,"Big Spenders"
153,2023-12-16,CUST153,Male,63,Electronics,2,500,1000,15,1,1000,5,1,4,514,"Loyal Customers"
154,2023-10-02,CUST154,Male,51,Electronics,3,300,900,90,1,900,4,1,3,413,"Low Engagement"
155,2023-05-17,CUST155,Male,31,Electronics,4,500,2000,228,1,2000,2,1,5,215,"Big Spenders"
156,2023-11-25,CUST156,Female,43,Clothing,4,25,100,36,1,100,4,1,1,411,"Low Engagement"
157,2023-06-24,CUST157,Male,62,Electronics,4,500,2000,190,1,2000,3,1,5,315,"Big Spenders"
158,2023-02-27,CUST158,Female,44,Electronics,2,300,600,307,1,600,2,1,3,213,"At Risk"
159,2023-05-31,CUST159,Male,26,Clothing,4,50,200,214,1,200,2,1,1,211,"At Risk"
160,2023-08-11,CUST160,Female,43,Clothing,2,50,100,142,1,100,3,1,1,311,"Low Engagement"
161,2023-03-22,CUST161,Male,64,Beauty,2,500,1000,284,1,1000,2,1,4,214,"At Risk"
162,2023-08-21,CUST162,Male,39,Clothing,2,30,60,132,1,60,3,1,1,311,"Low Engagement"
163,2023-01-02,CUST163,Female,64,Clothing,3,50,150,363,1,150,2,1,1,211,"At Risk"
164,2023-05-15,CUST164,Female,47,Beauty,3,500,1500,230,1,1500,2,1,5,215,"Big Spenders"
165,2023-09-14,CUST165,Female,60,Clothing,4,300,1200,108,1,1200,3,1,4,314,"Low Engagement"
166,2023-04-02,CUST166,Male,34,Clothing,4,500,2000,273,1,2000,2,1,5,215,"Big Spenders"
167,2023-09-17,CUST167,Female,43,Clothing,3,50,150,105,1,150,3,1,1,311,"Low Engagement"
168,2023-02-24,CUST168,Male,53,Clothing,1,300,300,310,1,300,2,1,2,212,"At Risk"
169,2023-11-17,CUST169,Male,18,Beauty,3,500,1500,44,1,1500,4,1,5,415,"Big Spenders"
170,2023-06-02,CUST170,Female,25,Clothing,2,25,50,212,1,50,2,1,1,211,"At Risk"
171,2023-11-24,CUST171,Female,52,Clothing,3,300,900,37,1,900,4,1,3,413,"Low Engagement"
172,2023-09-17,CUST172,Male,32,Beauty,2,25,50,105,1,50,3,1,1,311,"Low Engagement"
173,2023-11-08,CUST173,Male,64,Electronics,4,30,120,53,1,120,4,1,1,411,"Low Engagement"
174,2023-04-12,CUST174,Female,39,Beauty,1,300,300,263,1,300,2,1,2,212,"At Risk"
175,2023-03-20,CUST175,Female,31,Electronics,4,25,100,286,1,100,2,1,1,211,"At Risk"
176,2023-07-11,CUST176,Female,43,Beauty,2,50,100,173,1,100,3,1,1,311,"Low Engagement"
177,2023-03-24,CUST177,Male,45,Beauty,2,50,100,282,1,100,2,1,1,211,"At Risk"
178,2023-10-04,CUST178,Male,40,Clothing,2,30,60,88,1,60,4,1,1,411,"Low Engagement"
179,2023-09-29,CUST179,Male,31,Electronics,1,300,300,93,1,300,4,1,2,412,"Low Engagement"
180,2023-01-01,CUST180,Male,41,Clothing,3,300,900,364,1,900,2,1,3,213,"At Risk"
181,2023-11-03,CUST181,Male,19,Electronics,4,300,1200,58,1,1200,4,1,4,414,"Low Engagement"
182,2023-06-15,CUST182,Male,62,Beauty,4,30,120,199,1,120,2,1,1,211,"At Risk"
183,2023-09-08,CUST183,Female,43,Beauty,3,300,900,114,1,900,3,1,3,313,"Low Engagement"
184,2023-01-10,CUST184,Male,31,Electronics,4,50,200,355,1,200,2,1,1,211,"At Risk"
185,2023-02-27,CUST185,Male,24,Clothing,1,25,25,307,1,25,2,1,1,211,"At Risk"
186,2023-07-05,CUST186,Male,20,Clothing,4,50,200,179,1,200,3,1,1,311,"Low Engagement"
187,2023-06-07,CUST187,Female,64,Clothing,2,50,100,207,1,100,2,1,1,211,"At Risk"
188,2023-05-03,CUST188,Male,40,Clothing,3,25,75,242,1,75,2,1,1,211,"At Risk"
189,2023-01-30,CUST189,Male,63,Beauty,1,50,50,335,1,50,2,1,1,211,"At Risk"
190,2023-05-04,CUST190,Female,60,Beauty,3,30,90,241,1,90,2,1,1,211,"At Risk"
191,2023-10-18,CUST191,Male,64,Beauty,1,25,25,74,1,25,4,1,1,411,"Low Engagement"
192,2023-02-10,CUST192,Male,62,Beauty,2,50,100,324,1,100,2,1,1,211,"At Risk"
193,2023-02-13,CUST193,Male,35,Beauty,3,500,1500,321,1,1500,2,1,5,215,"Big Spenders"
194,2023-09-06,CUST194,Male,55,Clothing,4,50,200,116,1,200,3,1,1,311,"Low Engagement"
195,2023-02-05,CUST195,Male,52,Clothing,1,30,30,329,1,30,2,1,1,211,"At Risk"
196,2023-09-30,CUST196,Female,32,Clothing,3,300,900,92,1,900,4,1,3,413,"Low Engagement"
197,2023-03-06,CUST197,Female,42,Clothing,4,50,200,300,1,200,2,1,1,211,"At Risk"
198,2023-03-07,CUST198,Female,54,Beauty,3,300,900,299,1,900,2,1,3,213,"At Risk"
199,2023-12-04,CUST199,Male,45,Beauty,3,500,1500,27,1,1500,5,1,5,515,"Loyal Customers"
200,2023-09-01,CUST200,Male,27,Beauty,3,50,150,121,1,150,3,1,1,311,"Low Engagement"
201,2023-10-09,CUST201,Male,56,Electronics,1,25,25,83,1,25,4,1,1,411,"Low Engagement"
202,2023-03-26,CUST202,Female,34,Clothing,4,300,1200,280,1,1200,2,1,4,214,"At Risk"
203,2023-05-16,CUST203,Male,56,Clothing,2,500,1000,229,1,1000,2,1,4,214,"At Risk"
204,2023-09-28,CUST204,Male,39,Beauty,1,25,25,94,1,25,4,1,1,411,"Low Engagement"
205,2023-11-07,CUST205,Female,43,Clothing,1,25,25,54,1,25,4,1,1,411,"Low Engagement"
206,2023-08-05,CUST206,Male,61,Clothing,1,25,25,148,1,25,3,1,1,311,"Low Engagement"
207,2023-04-19,CUST207,Female,42,Beauty,2,25,50,256,1,50,2,1,1,211,"At Risk"
208,2023-10-04,CUST208,Female,34,Electronics,4,50,200,88,1,200,4,1,1,411,"Low Engagement"
209,2023-12-20,CUST209,Female,30,Electronics,4,50,200,11,1,200,5,1,1,511,"Loyal Customers"
210,2023-04-13,CUST210,Male,37,Electronics,4,50,200,262,1,200,2,1,1,211,"At Risk"
211,2024-01-01,CUST211,Male,42,Beauty,3,500,1500,NULL,NULL,NULL,1,1,1,111,"Low Engagement"
212,2023-06-09,CUST212,Male,21,Clothing,3,500,1500,205,1,1500,2,1,5,215,"Big Spenders"
213,2023-07-24,CUST213,Male,27,Beauty,3,500,1500,160,1,1500,3,1,5,315,"Big Spenders"
214,2023-12-10,CUST214,Male,20,Beauty,2,30,60,21,1,60,5,1,1,511,"Loyal Customers"
215,2023-11-29,CUST215,Male,58,Clothing,3,500,1500,32,1,1500,4,1,5,415,"Big Spenders"
216,2023-07-11,CUST216,Male,62,Electronics,2,50,100,173,1,100,3,1,1,311,"Low Engagement"
217,2023-08-13,CUST217,Female,35,Electronics,4,50,200,140,1,200,3,1,1,311,"Low Engagement"
218,2023-09-22,CUST218,Male,64,Beauty,3,30,90,100,1,90,4,1,1,411,"Low Engagement"
219,2023-08-20,CUST219,Female,53,Electronics,3,30,90,133,1,90,3,1,1,311,"Low Engagement"
220,2023-03-03,CUST220,Male,64,Beauty,1,500,500,303,1,500,2,1,3,213,"At Risk"
221,2023-05-07,CUST221,Male,39,Beauty,2,300,600,238,1,600,2,1,3,213,"At Risk"
222,2023-04-26,CUST222,Male,51,Clothing,4,30,120,249,1,120,2,1,1,211,"At Risk"
223,2023-02-02,CUST223,Female,64,Clothing,1,25,25,332,1,25,2,1,1,211,"At Risk"
224,2023-06-23,CUST224,Female,25,Clothing,1,50,50,191,1,50,2,1,1,211,"At Risk"
225,2023-01-11,CUST225,Female,57,Beauty,4,25,100,354,1,100,2,1,1,211,"At Risk"
226,2023-10-29,CUST226,Female,61,Clothing,1,50,50,63,1,50,4,1,1,411,"Low Engagement"
227,2023-10-11,CUST227,Male,36,Electronics,2,50,100,81,1,100,4,1,1,411,"Low Engagement"
228,2023-04-28,CUST228,Female,59,Electronics,2,30,60,247,1,60,2,1,1,211,"At Risk"
229,2023-10-29,CUST229,Male,58,Beauty,3,30,90,63,1,90,4,1,1,411,"Low Engagement"
230,2023-04-23,CUST230,Male,54,Beauty,1,25,25,252,1,25,2,1,1,211,"At Risk"
231,2023-01-04,CUST231,Female,23,Clothing,3,50,150,361,1,150,2,1,1,211,"At Risk"
232,2023-02-06,CUST232,Female,43,Beauty,1,25,25,328,1,25,2,1,1,211,"At Risk"
233,2023-12-29,CUST233,Female,51,Beauty,2,300,600,2,1,600,5,1,3,513,"Loyal Customers"
234,2023-11-20,CUST234,Female,62,Electronics,2,25,50,41,1,50,4,1,1,411,"Low Engagement"
235,2023-01-31,CUST235,Female,23,Electronics,2,500,1000,334,1,1000,2,1,4,214,"At Risk"
236,2023-04-28,CUST236,Female,54,Clothing,1,25,25,247,1,25,2,1,1,211,"At Risk"
237,2023-02-04,CUST237,Female,50,Beauty,2,500,1000,330,1,1000,2,1,4,214,"At Risk"
238,2023-01-17,CUST238,Female,39,Beauty,1,500,500,348,1,500,2,1,3,213,"At Risk"
239,2023-06-19,CUST239,Male,38,Electronics,3,500,1500,195,1,1500,2,1,5,215,"Big Spenders"
240,2023-02-06,CUST240,Female,23,Beauty,1,300,300,328,1,300,2,1,2,212,"At Risk"
241,2023-09-21,CUST241,Female,23,Electronics,3,25,75,101,1,75,3,1,1,311,"Low Engagement"
242,2023-05-02,CUST242,Male,21,Clothing,1,25,25,243,1,25,2,1,1,211,"At Risk"
243,2023-05-23,CUST243,Female,47,Electronics,3,300,900,222,1,900,2,1,3,213,"At Risk"
244,2023-12-09,CUST244,Male,28,Beauty,2,50,100,22,1,100,5,1,1,511,"Loyal Customers"
245,2023-09-06,CUST245,Male,47,Clothing,3,30,90,116,1,90,3,1,1,311,"Low Engagement"
246,2023-04-20,CUST246,Female,48,Electronics,2,25,50,255,1,50,2,1,1,211,"At Risk"
247,2023-10-04,CUST247,Male,41,Electronics,2,30,60,88,1,60,4,1,1,411,"Low Engagement"
248,2023-03-09,CUST248,Male,26,Clothing,3,300,900,297,1,900,2,1,3,213,"At Risk"
249,2023-10-20,CUST249,Male,20,Clothing,1,50,50,72,1,50,4,1,1,411,"Low Engagement"
250,2023-10-23,CUST250,Male,48,Electronics,1,50,50,69,1,50,4,1,1,411,"Low Engagement"
251,2023-08-31,CUST251,Female,57,Beauty,4,50,200,122,1,200,3,1,1,311,"Low Engagement"
252,2023-05-05,CUST252,Male,54,Electronics,1,300,300,240,1,300,2,1,2,212,"At Risk"
253,2023-08-31,CUST253,Female,53,Clothing,4,500,2000,122,1,2000,3,1,5,315,"Big Spenders"
254,2023-07-28,CUST254,Male,41,Electronics,1,500,500,156,1,500,3,1,3,313,"Low Engagement"
255,2023-04-08,CUST255,Male,48,Clothing,1,30,30,267,1,30,2,1,1,211,"At Risk"
256,2023-02-18,CUST256,Male,23,Clothing,2,500,1000,316,1,1000,2,1,4,214,"At Risk"
257,2023-02-19,CUST257,Male,19,Beauty,4,500,2000,315,1,2000,2,1,5,215,"Big Spenders"
258,2023-12-04,CUST258,Female,37,Clothing,1,50,50,27,1,50,5,1,1,511,"Loyal Customers"
259,2023-08-09,CUST259,Female,45,Clothing,4,50,200,144,1,200,3,1,1,311,"Low Engagement"
260,2023-07-01,CUST260,Male,28,Beauty,2,30,60,183,1,60,3,1,1,311,"Low Engagement"
261,2023-08-05,CUST261,Male,21,Clothing,2,25,50,148,1,50,3,1,1,311,"Low Engagement"
262,2023-07-30,CUST262,Female,32,Beauty,4,30,120,154,1,120,3,1,1,311,"Low Engagement"
263,2023-08-28,CUST263,Male,23,Beauty,2,30,60,125,1,60,3,1,1,311,"Low Engagement"
264,2023-01-28,CUST264,Male,47,Clothing,3,300,900,337,1,900,2,1,3,213,"At Risk"
265,2023-12-11,CUST265,Male,55,Clothing,3,300,900,20,1,900,5,1,3,513,"Loyal Customers"
266,2023-12-01,CUST266,Female,19,Electronics,2,30,60,30,1,60,5,1,1,511,"Loyal Customers"
267,2023-11-27,CUST267,Female,32,Beauty,3,30,90,34,1,90,4,1,1,411,"Low Engagement"
268,2023-02-20,CUST268,Female,28,Electronics,1,30,30,314,1,30,2,1,1,211,"At Risk"
269,2023-02-01,CUST269,Male,25,Clothing,4,500,2000,333,1,2000,2,1,5,215,"Big Spenders"
270,2023-07-26,CUST270,Male,43,Electronics,1,300,300,158,1,300,3,1,2,312,"Low Engagement"
271,2023-06-23,CUST271,Female,62,Beauty,4,30,120,191,1,120,2,1,1,211,"At Risk"
272,2023-02-25,CUST272,Female,61,Electronics,2,50,100,309,1,100,2,1,1,211,"At Risk"
273,2023-05-08,CUST273,Female,22,Beauty,1,50,50,237,1,50,2,1,1,211,"At Risk"
274,2023-04-09,CUST274,Female,23,Clothing,2,500,1000,266,1,1000,2,1,4,214,"At Risk"
275,2023-04-08,CUST275,Male,43,Clothing,2,500,1000,267,1,1000,2,1,4,214,"At Risk"
276,2023-10-02,CUST276,Female,21,Beauty,4,25,100,90,1,100,4,1,1,411,"Low Engagement"
277,2023-08-18,CUST277,Male,36,Clothing,4,25,100,135,1,100,3,1,1,311,"Low Engagement"
278,2023-03-13,CUST278,Female,37,Clothing,4,25,100,293,1,100,2,1,1,211,"At Risk"
279,2023-08-05,CUST279,Male,50,Clothing,1,500,500,148,1,500,3,1,3,313,"Low Engagement"
280,2023-04-04,CUST280,Female,37,Clothing,3,500,1500,271,1,1500,2,1,5,215,"Big Spenders"
281,2023-05-23,CUST281,Female,29,Beauty,4,500,2000,222,1,2000,2,1,5,215,"Big Spenders"
282,2023-08-25,CUST282,Female,64,Electronics,4,50,200,128,1,200,3,1,1,311,"Low Engagement"
283,2023-05-08,CUST283,Female,18,Electronics,1,500,500,237,1,500,2,1,3,213,"At Risk"
284,2023-02-08,CUST284,Male,43,Clothing,4,50,200,326,1,200,2,1,1,211,"At Risk"
285,2023-08-15,CUST285,Female,31,Electronics,1,25,25,138,1,25,3,1,1,311,"Low Engagement"
286,2023-10-09,CUST286,Male,55,Electronics,2,25,50,83,1,50,4,1,1,411,"Low Engagement"
287,2023-02-20,CUST287,Male,54,Clothing,4,25,100,314,1,100,2,1,1,211,"At Risk"
288,2023-01-26,CUST288,Male,28,Clothing,4,30,120,339,1,120,2,1,1,211,"At Risk"
289,2023-11-30,CUST289,Male,53,Electronics,2,30,60,31,1,60,4,1,1,411,"Low Engagement"
290,2023-10-04,CUST290,Female,30,Beauty,2,300,600,88,1,600,4,1,3,413,"Low Engagement"
291,2023-01-08,CUST291,Male,60,Clothing,2,300,600,357,1,600,2,1,3,213,"At Risk"
292,2023-02-17,CUST292,Male,20,Beauty,4,300,1200,317,1,1200,2,1,4,214,"At Risk"
293,2023-05-02,CUST293,Male,50,Electronics,3,30,90,243,1,90,2,1,1,211,"At Risk"
294,2023-03-27,CUST294,Female,23,Clothing,3,30,90,279,1,90,2,1,1,211,"At Risk"
295,2023-07-28,CUST295,Female,27,Beauty,3,300,900,156,1,900,3,1,3,313,"Low Engagement"
296,2023-09-06,CUST296,Female,22,Clothing,4,300,1200,116,1,1200,3,1,4,314,"Low Engagement"
297,2023-09-04,CUST297,Female,40,Electronics,2,500,1000,118,1,1000,3,1,4,314,"Low Engagement"
298,2023-04-20,CUST298,Male,27,Beauty,4,300,1200,255,1,1200,2,1,4,214,"At Risk"
299,2023-07-25,CUST299,Male,61,Electronics,2,500,1000,159,1,1000,3,1,4,314,"Low Engagement"
300,2023-01-31,CUST300,Female,19,Electronics,4,50,200,334,1,200,2,1,1,211,"At Risk"
301,2023-03-26,CUST301,Male,30,Clothing,4,30,120,280,1,120,2,1,1,211,"At Risk"
302,2023-07-14,CUST302,Male,57,Beauty,2,300,600,170,1,600,3,1,3,313,"Low Engagement"
303,2023-01-02,CUST303,Male,19,Electronics,3,30,90,363,1,90,2,1,1,211,"At Risk"
304,2023-07-19,CUST304,Female,37,Electronics,2,30,60,165,1,60,3,1,1,311,"Low Engagement"
305,2023-05-16,CUST305,Female,18,Beauty,1,30,30,229,1,30,2,1,1,211,"At Risk"
306,2023-08-21,CUST306,Male,54,Electronics,1,50,50,132,1,50,3,1,1,311,"Low Engagement"
307,2023-05-27,CUST307,Female,26,Electronics,2,25,50,218,1,50,2,1,1,211,"At Risk"
308,2023-08-05,CUST308,Female,34,Beauty,4,300,1200,148,1,1200,3,1,4,314,"Low Engagement"
309,2023-12-23,CUST309,Female,26,Beauty,1,25,25,8,1,25,5,1,1,511,"Loyal Customers"
310,2023-10-12,CUST310,Female,28,Beauty,1,25,25,80,1,25,4,1,1,411,"Low Engagement"
311,2023-12-05,CUST311,Female,32,Beauty,4,25,100,26,1,100,5,1,1,511,"Loyal Customers"
312,2023-09-07,CUST312,Male,41,Clothing,4,30,120,115,1,120,3,1,1,311,"Low Engagement"
313,2023-03-21,CUST313,Female,55,Beauty,3,500,1500,285,1,1500,2,1,5,215,"Big Spenders"
314,2023-04-08,CUST314,Male,52,Clothing,4,30,120,267,1,120,2,1,1,211,"At Risk"
315,2023-06-01,CUST315,Male,47,Clothing,2,30,60,213,1,60,2,1,1,211,"At Risk"
316,2023-04-22,CUST316,Female,48,Clothing,2,25,50,253,1,50,2,1,1,211,"At Risk"
317,2023-01-30,CUST317,Male,22,Electronics,3,30,90,335,1,90,2,1,1,211,"At Risk"
318,2023-10-24,CUST318,Male,61,Clothing,1,25,25,68,1,25,4,1,1,411,"Low Engagement"
319,2023-10-05,CUST319,Male,31,Clothing,1,500,500,87,1,500,4,1,3,413,"Low Engagement"
320,2023-02-01,CUST320,Female,28,Electronics,4,300,1200,333,1,1200,2,1,4,214,"At Risk"
321,2023-06-10,CUST321,Female,26,Electronics,2,25,50,204,1,50,2,1,1,211,"At Risk"
322,2023-01-30,CUST322,Male,51,Electronics,1,500,500,335,1,500,2,1,3,213,"At Risk"
323,2023-01-26,CUST323,Female,29,Beauty,3,300,900,339,1,900,2,1,3,213,"At Risk"
324,2023-10-27,CUST324,Female,52,Electronics,3,50,150,65,1,150,4,1,1,411,"Low Engagement"
325,2023-09-02,CUST325,Female,52,Electronics,2,25,50,120,1,50,3,1,1,311,"Low Engagement"
326,2023-09-15,CUST326,Female,18,Clothing,3,25,75,107,1,75,3,1,1,311,"Low Engagement"
327,2023-09-29,CUST327,Male,57,Electronics,3,50,150,93,1,150,4,1,1,411,"Low Engagement"
328,2023-03-22,CUST328,Male,39,Beauty,2,50,100,284,1,100,2,1,1,211,"At Risk"
329,2023-01-30,CUST329,Female,46,Electronics,4,25,100,335,1,100,2,1,1,211,"At Risk"
330,2023-09-18,CUST330,Female,25,Beauty,4,50,200,104,1,200,3,1,1,311,"Low Engagement"
331,2023-02-11,CUST331,Male,28,Electronics,3,30,90,323,1,90,2,1,1,211,"At Risk"
332,2023-04-06,CUST332,Male,58,Electronics,4,300,1200,269,1,1200,2,1,4,214,"At Risk"
333,2023-02-05,CUST333,Female,54,Electronics,4,300,1200,329,1,1200,2,1,4,214,"At Risk"
334,2023-11-01,CUST334,Male,31,Electronics,3,300,900,60,1,900,4,1,3,413,"Low Engagement"
335,2023-02-04,CUST335,Female,47,Beauty,4,30,120,330,1,120,2,1,1,211,"At Risk"
336,2023-12-12,CUST336,Female,52,Beauty,3,50,150,19,1,150,5,1,1,511,"Loyal Customers"
337,2023-05-01,CUST337,Male,38,Clothing,1,500,500,244,1,500,2,1,3,213,"At Risk"
338,2023-07-26,CUST338,Male,54,Beauty,2,50,100,158,1,100,3,1,1,311,"Low Engagement"
339,2023-03-03,CUST339,Female,22,Electronics,2,25,50,303,1,50,2,1,1,211,"At Risk"
340,2023-10-19,CUST340,Female,36,Clothing,4,300,1200,73,1,1200,4,1,4,414,"Low Engagement"
341,2023-05-07,CUST341,Male,31,Clothing,4,50,200,238,1,200,2,1,1,211,"At Risk"
342,2023-10-24,CUST342,Female,43,Clothing,4,500,2000,68,1,2000,4,1,5,415,"Big Spenders"
343,2023-11-01,CUST343,Male,21,Electronics,2,25,50,60,1,50,4,1,1,411,"Low Engagement"
344,2023-01-21,CUST344,Female,42,Beauty,1,30,30,344,1,30,2,1,1,211,"At Risk"
345,2023-11-14,CUST345,Male,62,Electronics,1,30,30,47,1,30,4,1,1,411,"Low Engagement"
346,2023-02-11,CUST346,Male,59,Clothing,2,500,1000,323,1,1000,2,1,4,214,"At Risk"
347,2023-08-03,CUST347,Male,42,Electronics,1,25,25,150,1,25,3,1,1,311,"Low Engagement"
348,2023-12-03,CUST348,Female,35,Electronics,2,300,600,28,1,600,5,1,3,513,"Loyal Customers"
349,2023-10-26,CUST349,Female,57,Beauty,1,50,50,66,1,50,4,1,1,411,"Low Engagement"
350,2023-10-17,CUST350,Male,25,Beauty,3,25,75,75,1,75,4,1,1,411,"Low Engagement"
351,2023-09-25,CUST351,Female,56,Clothing,3,30,90,97,1,90,4,1,1,411,"Low Engagement"
352,2023-06-11,CUST352,Male,57,Electronics,2,500,1000,203,1,1000,2,1,4,214,"At Risk"
353,2023-05-14,CUST353,Male,31,Electronics,1,500,500,231,1,500,2,1,3,213,"At Risk"
354,2023-04-15,CUST354,Female,49,Beauty,4,50,200,260,1,200,2,1,1,211,"At Risk"
355,2023-12-09,CUST355,Female,55,Electronics,1,500,500,22,1,500,5,1,3,513,"Loyal Customers"
356,2023-06-10,CUST356,Male,50,Electronics,3,500,1500,204,1,1500,2,1,5,215,"Big Spenders"
357,2023-05-03,CUST357,Female,40,Electronics,3,25,75,242,1,75,2,1,1,211,"At Risk"
358,2023-05-16,CUST358,Female,32,Beauty,1,300,300,229,1,300,2,1,2,212,"At Risk"
359,2023-07-22,CUST359,Male,50,Clothing,1,50,50,162,1,50,3,1,1,311,"Low Engagement"
360,2023-03-09,CUST360,Male,42,Clothing,4,25,100,297,1,100,2,1,1,211,"At Risk"
361,2023-12-10,CUST361,Female,34,Electronics,4,300,1200,21,1,1200,5,1,4,514,"Loyal Customers"
362,2023-11-27,CUST362,Male,50,Clothing,1,25,25,34,1,25,4,1,1,411,"Low Engagement"
363,2023-06-03,CUST363,Male,64,Beauty,1,25,25,211,1,25,2,1,1,211,"At Risk"
364,2023-08-23,CUST364,Female,19,Beauty,1,500,500,130,1,500,3,1,3,313,"Low Engagement"
365,2023-06-11,CUST365,Male,31,Clothing,1,300,300,203,1,300,2,1,2,212,"At Risk"
366,2023-02-07,CUST366,Male,57,Clothing,2,50,100,327,1,100,2,1,1,211,"At Risk"
367,2023-01-05,CUST367,Female,57,Electronics,1,50,50,360,1,50,2,1,1,211,"At Risk"
368,2023-08-23,CUST368,Female,56,Clothing,4,300,1200,130,1,1200,3,1,4,314,"Low Engagement"
369,2023-11-15,CUST369,Male,23,Electronics,3,500,1500,46,1,1500,4,1,5,415,"Big Spenders"
370,2023-10-16,CUST370,Male,23,Electronics,2,30,60,76,1,60,4,1,1,411,"Low Engagement"
371,2023-02-21,CUST371,Female,20,Beauty,1,25,25,313,1,25,2,1,1,211,"At Risk"
372,2023-02-07,CUST372,Female,24,Beauty,3,500,1500,327,1,1500,2,1,5,215,"Big Spenders"
373,2023-10-03,CUST373,Female,25,Beauty,2,300,600,89,1,600,4,1,3,413,"Low Engagement"
374,2023-04-20,CUST374,Female,59,Beauty,3,25,75,255,1,75,2,1,1,211,"At Risk"
375,2023-09-17,CUST375,Male,32,Clothing,1,50,50,105,1,50,3,1,1,311,"Low Engagement"
376,2023-05-16,CUST376,Female,64,Beauty,1,30,30,229,1,30,2,1,1,211,"At Risk"
377,2023-03-09,CUST377,Female,46,Clothing,4,50,200,297,1,200,2,1,1,211,"At Risk"
378,2023-06-28,CUST378,Male,50,Beauty,1,300,300,186,1,300,3,1,2,312,"Low Engagement"
379,2023-02-05,CUST379,Female,47,Clothing,1,25,25,329,1,25,2,1,1,211,"At Risk"
380,2023-05-06,CUST380,Male,56,Electronics,2,300,600,239,1,600,2,1,3,213,"At Risk"
381,2023-07-09,CUST381,Female,44,Clothing,4,25,100,175,1,100,3,1,1,311,"Low Engagement"
382,2023-05-26,CUST382,Female,53,Clothing,2,500,1000,219,1,1000,2,1,4,214,"At Risk"
383,2023-03-22,CUST383,Female,46,Beauty,3,30,90,284,1,90,2,1,1,211,"At Risk"
384,2023-08-13,CUST384,Male,55,Clothing,1,500,500,140,1,500,3,1,3,313,"Low Engagement"
385,2023-10-06,CUST385,Male,50,Electronics,3,500,1500,86,1,1500,4,1,5,415,"Big Spenders"
386,2023-12-27,CUST386,Female,54,Electronics,2,300,600,4,1,600,5,1,3,513,"Loyal Customers"
387,2023-06-04,CUST387,Male,44,Beauty,1,30,30,210,1,30,2,1,1,211,"At Risk"
388,2023-11-10,CUST388,Male,50,Electronics,1,25,25,51,1,25,4,1,1,411,"Low Engagement"
389,2023-12-01,CUST389,Male,21,Clothing,2,25,50,30,1,50,5,1,1,511,"Loyal Customers"
390,2023-09-28,CUST390,Male,39,Electronics,2,50,100,94,1,100,4,1,1,411,"Low Engagement"
391,2023-01-05,CUST391,Male,19,Beauty,2,25,50,360,1,50,2,1,1,211,"At Risk"
392,2023-12-08,CUST392,Male,27,Clothing,2,300,600,23,1,600,5,1,3,513,"Loyal Customers"
393,2023-10-11,CUST393,Female,22,Beauty,2,500,1000,81,1,1000,4,1,4,414,"Low Engagement"
394,2023-06-03,CUST394,Female,27,Clothing,1,500,500,211,1,500,2,1,3,213,"At Risk"
395,2023-12-06,CUST395,Male,50,Electronics,2,500,1000,25,1,1000,5,1,4,514,"Loyal Customers"
396,2023-02-23,CUST396,Female,55,Beauty,1,30,30,311,1,30,2,1,1,211,"At Risk"
397,2023-03-10,CUST397,Female,30,Beauty,1,25,25,296,1,25,2,1,1,211,"At Risk"
398,2023-05-16,CUST398,Female,48,Clothing,2,300,600,229,1,600,2,1,3,213,"At Risk"
399,2023-03-01,CUST399,Female,64,Beauty,2,30,60,305,1,60,2,1,1,211,"At Risk"
400,2023-02-24,CUST400,Male,53,Clothing,4,50,200,310,1,200,2,1,1,211,"At Risk"
401,2023-10-11,CUST401,Female,62,Clothing,1,300,300,81,1,300,4,1,2,412,"Low Engagement"
402,2023-03-21,CUST402,Female,41,Clothing,2,300,600,285,1,600,2,1,3,213,"At Risk"
403,2023-05-20,CUST403,Male,32,Clothing,2,300,600,225,1,600,2,1,3,213,"At Risk"
404,2023-05-25,CUST404,Male,46,Electronics,2,500,1000,220,1,1000,2,1,4,214,"At Risk"
405,2023-11-06,CUST405,Female,25,Clothing,4,300,1200,55,1,1200,4,1,4,414,"Low Engagement"
406,2023-04-18,CUST406,Female,22,Beauty,4,25,100,257,1,100,2,1,1,211,"At Risk"
407,2023-06-25,CUST407,Female,46,Electronics,3,300,900,189,1,900,3,1,3,313,"Low Engagement"
408,2023-04-15,CUST408,Female,64,Beauty,1,500,500,260,1,500,2,1,3,213,"At Risk"
409,2023-12-18,CUST409,Female,21,Electronics,3,300,900,13,1,900,5,1,3,513,"Loyal Customers"
410,2023-11-21,CUST410,Female,29,Clothing,2,50,100,40,1,100,4,1,1,411,"Low Engagement"
411,2023-05-16,CUST411,Male,62,Electronics,4,50,200,229,1,200,2,1,1,211,"At Risk"
412,2023-09-16,CUST412,Female,19,Electronics,4,500,2000,106,1,2000,3,1,5,315,"Big Spenders"
413,2023-09-08,CUST413,Female,44,Beauty,3,25,75,114,1,75,3,1,1,311,"Low Engagement"
414,2023-05-09,CUST414,Male,48,Beauty,4,25,100,236,1,100,2,1,1,211,"At Risk"
415,2023-01-27,CUST415,Male,53,Clothing,2,30,60,338,1,60,2,1,1,211,"At Risk"
416,2023-02-17,CUST416,Male,53,Electronics,4,500,2000,317,1,2000,2,1,5,215,"Big Spenders"
417,2023-11-21,CUST417,Male,43,Electronics,3,300,900,40,1,900,4,1,3,413,"Low Engagement"
418,2023-08-05,CUST418,Female,60,Electronics,2,500,1000,148,1,1000,3,1,4,314,"Low Engagement"
419,2023-05-22,CUST419,Female,44,Clothing,3,30,90,223,1,90,2,1,1,211,"At Risk"
420,2023-01-23,CUST420,Female,22,Clothing,4,500,2000,342,1,2000,2,1,5,215,"Big Spenders"
421,2023-01-02,CUST421,Female,37,Clothing,3,500,1500,363,1,1500,2,1,5,215,"Big Spenders"
422,2023-06-20,CUST422,Female,28,Clothing,3,30,90,194,1,90,2,1,1,211,"At Risk"
423,2023-03-08,CUST423,Female,27,Clothing,1,25,25,298,1,25,2,1,1,211,"At Risk"
424,2023-11-23,CUST424,Male,57,Beauty,4,300,1200,38,1,1200,4,1,4,414,"Low Engagement"
425,2023-05-15,CUST425,Female,55,Electronics,4,30,120,230,1,120,2,1,1,211,"At Risk"
426,2023-03-24,CUST426,Male,23,Electronics,3,50,150,282,1,150,2,1,1,211,"At Risk"
427,2023-08-15,CUST427,Male,25,Electronics,1,25,25,138,1,25,3,1,1,311,"Low Engagement"
428,2023-10-10,CUST428,Female,40,Electronics,4,50,200,82,1,200,4,1,1,411,"Low Engagement"
429,2023-12-28,CUST429,Male,64,Electronics,2,25,50,3,1,50,5,1,1,511,"Loyal Customers"
430,2023-08-07,CUST430,Female,43,Electronics,3,300,900,146,1,900,3,1,3,313,"Low Engagement"
431,2023-10-15,CUST431,Male,63,Electronics,4,300,1200,77,1,1200,4,1,4,414,"Low Engagement"
432,2023-01-05,CUST432,Female,60,Electronics,2,500,1000,360,1,1000,2,1,4,214,"At Risk"
433,2023-02-27,CUST433,Male,29,Beauty,4,50,200,307,1,200,2,1,1,211,"At Risk"
434,2023-02-08,CUST434,Female,43,Electronics,2,25,50,326,1,50,2,1,1,211,"At Risk"
435,2023-12-20,CUST435,Female,30,Beauty,3,300,900,11,1,900,5,1,3,513,"Loyal Customers"
436,2023-03-18,CUST436,Female,57,Clothing,4,30,120,288,1,120,2,1,1,211,"At Risk"
437,2023-10-07,CUST437,Female,35,Electronics,4,300,1200,85,1,1200,4,1,4,414,"Low Engagement"
438,2023-01-19,CUST438,Female,42,Clothing,1,30,30,346,1,30,2,1,1,211,"At Risk"
439,2023-07-09,CUST439,Male,50,Clothing,3,25,75,175,1,75,3,1,1,311,"Low Engagement"
440,2023-10-26,CUST440,Male,64,Clothing,2,300,600,66,1,600,4,1,3,413,"Low Engagement"
441,2023-10-10,CUST441,Male,57,Beauty,4,300,1200,82,1,1200,4,1,4,414,"Low Engagement"
442,2023-03-17,CUST442,Female,60,Clothing,4,25,100,289,1,100,2,1,1,211,"At Risk"
443,2023-08-09,CUST443,Male,29,Clothing,2,300,600,144,1,600,3,1,3,313,"Low Engagement"
444,2023-03-07,CUST444,Female,61,Clothing,3,30,90,299,1,90,2,1,1,211,"At Risk"
445,2023-01-22,CUST445,Female,53,Electronics,1,300,300,343,1,300,2,1,2,212,"At Risk"
446,2023-06-07,CUST446,Male,21,Electronics,1,50,50,207,1,50,2,1,1,211,"At Risk"
447,2023-07-06,CUST447,Male,22,Beauty,4,500,2000,178,1,2000,3,1,5,315,"Big Spenders"
448,2023-01-21,CUST448,Female,54,Beauty,2,30,60,344,1,60,2,1,1,211,"At Risk"
449,2023-07-03,CUST449,Male,25,Electronics,4,50,200,181,1,200,3,1,1,311,"Low Engagement"
450,2023-04-18,CUST450,Female,59,Beauty,2,25,50,257,1,50,2,1,1,211,"At Risk"
451,2023-12-16,CUST451,Female,45,Electronics,1,30,30,15,1,30,5,1,1,511,"Loyal Customers"
452,2023-05-08,CUST452,Female,48,Clothing,3,500,1500,237,1,1500,2,1,5,215,"Big Spenders"
453,2023-12-08,CUST453,Female,26,Clothing,2,500,1000,23,1,1000,5,1,4,514,"Loyal Customers"
454,2023-02-22,CUST454,Female,46,Beauty,1,25,25,312,1,25,2,1,1,211,"At Risk"
455,2023-07-01,CUST455,Male,31,Electronics,4,25,100,183,1,100,3,1,1,311,"Low Engagement"
456,2023-10-14,CUST456,Male,57,Electronics,2,30,60,78,1,60,4,1,1,411,"Low Engagement"
457,2023-07-28,CUST457,Female,58,Beauty,3,300,900,156,1,900,3,1,3,313,"Low Engagement"
458,2023-11-14,CUST458,Female,39,Electronics,4,25,100,47,1,100,4,1,1,411,"Low Engagement"
459,2023-03-21,CUST459,Male,28,Clothing,4,300,1200,285,1,1200,2,1,4,214,"At Risk"
460,2023-05-02,CUST460,Male,40,Beauty,1,50,50,243,1,50,2,1,1,211,"At Risk"
461,2023-03-25,CUST461,Female,18,Beauty,2,500,1000,281,1,1000,2,1,4,214,"At Risk"
462,2023-04-01,CUST462,Male,63,Electronics,4,300,1200,274,1,1200,2,1,4,214,"At Risk"
463,2023-07-31,CUST463,Female,54,Beauty,3,500,1500,153,1,1500,3,1,5,315,"Big Spenders"
464,2023-01-13,CUST464,Male,38,Electronics,2,300,600,352,1,600,2,1,3,213,"At Risk"
465,2023-04-02,CUST465,Female,43,Electronics,3,50,150,273,1,150,2,1,1,211,"At Risk"
466,2023-06-20,CUST466,Male,63,Electronics,4,25,100,194,1,100,2,1,1,211,"At Risk"
467,2023-07-30,CUST467,Female,53,Electronics,3,50,150,154,1,150,3,1,1,311,"Low Engagement"
468,2023-12-09,CUST468,Male,40,Electronics,1,25,25,22,1,25,5,1,1,511,"Loyal Customers"
469,2023-05-08,CUST469,Male,18,Beauty,3,25,75,237,1,75,2,1,1,211,"At Risk"
470,2023-05-17,CUST470,Female,57,Clothing,2,500,1000,228,1,1000,2,1,4,214,"At Risk"
471,2023-03-23,CUST471,Male,32,Clothing,3,50,150,283,1,150,2,1,1,211,"At Risk"
472,2023-12-26,CUST472,Female,38,Beauty,3,300,900,5,1,900,5,1,3,513,"Loyal Customers"
473,2023-02-25,CUST473,Male,64,Beauty,1,50,50,309,1,50,2,1,1,211,"At Risk"
474,2023-07-15,CUST474,Female,26,Clothing,3,500,1500,169,1,1500,3,1,5,315,"Big Spenders"
475,2023-01-20,CUST475,Male,26,Clothing,3,25,75,345,1,75,2,1,1,211,"At Risk"
476,2023-08-29,CUST476,Female,27,Clothing,4,500,2000,124,1,2000,3,1,5,315,"Big Spenders"
477,2023-04-24,CUST477,Male,43,Clothing,4,30,120,251,1,120,2,1,1,211,"At Risk"
478,2023-04-13,CUST478,Female,58,Clothing,2,30,60,262,1,60,2,1,1,211,"At Risk"
479,2023-08-24,CUST479,Male,52,Electronics,4,300,1200,129,1,1200,3,1,4,314,"Low Engagement"
480,2023-06-29,CUST480,Female,42,Beauty,4,500,2000,185,1,2000,3,1,5,315,"Big Spenders"
481,2023-06-06,CUST481,Female,43,Electronics,4,300,1200,208,1,1200,2,1,4,214,"At Risk"
482,2023-04-27,CUST482,Female,28,Clothing,4,300,1200,248,1,1200,2,1,4,214,"At Risk"
483,2023-04-25,CUST483,Male,55,Clothing,1,30,30,250,1,30,2,1,1,211,"At Risk"
484,2023-01-13,CUST484,Female,19,Clothing,4,300,1200,352,1,1200,2,1,4,214,"At Risk"
485,2023-12-04,CUST485,Male,24,Electronics,1,30,30,27,1,30,5,1,1,511,"Loyal Customers"
486,2023-04-09,CUST486,Female,35,Electronics,1,25,25,266,1,25,2,1,1,211,"At Risk"
487,2023-07-24,CUST487,Male,44,Clothing,4,500,2000,160,1,2000,3,1,5,315,"Big Spenders"
488,2023-06-18,CUST488,Female,51,Electronics,3,300,900,196,1,900,2,1,3,213,"At Risk"
489,2023-05-23,CUST489,Male,44,Electronics,1,30,30,222,1,30,2,1,1,211,"At Risk"
490,2023-02-05,CUST490,Male,34,Clothing,3,50,150,329,1,150,2,1,1,211,"At Risk"
491,2023-05-23,CUST491,Female,60,Electronics,3,300,900,222,1,900,2,1,3,213,"At Risk"
492,2023-06-29,CUST492,Male,61,Beauty,4,25,100,185,1,100,3,1,1,311,"Low Engagement"
493,2023-11-25,CUST493,Male,41,Beauty,2,25,50,36,1,50,4,1,1,411,"Low Engagement"
494,2023-09-18,CUST494,Female,42,Beauty,4,50,200,104,1,200,3,1,1,311,"Low Engagement"
495,2023-07-24,CUST495,Male,24,Beauty,2,30,60,160,1,60,3,1,1,311,"Low Engagement"
496,2023-12-14,CUST496,Male,23,Clothing,2,300,600,17,1,600,5,1,3,513,"Loyal Customers"
497,2023-10-02,CUST497,Male,41,Clothing,4,30,120,90,1,120,4,1,1,411,"Low Engagement"
498,2023-06-19,CUST498,Female,50,Clothing,4,25,100,195,1,100,2,1,1,211,"At Risk"
499,2023-01-15,CUST499,Male,46,Beauty,2,30,60,350,1,60,2,1,1,211,"At Risk"
500,2023-03-01,CUST500,Female,60,Beauty,4,25,100,305,1,100,2,1,1,211,"At Risk"
501,2023-05-14,CUST501,Male,39,Electronics,2,30,60,231,1,60,2,1,1,211,"At Risk"
502,2023-04-02,CUST502,Male,43,Electronics,3,50,150,273,1,150,2,1,1,211,"At Risk"
503,2023-10-25,CUST503,Male,45,Beauty,4,500,2000,67,1,2000,4,1,5,415,"Big Spenders"
504,2023-05-16,CUST504,Female,38,Beauty,3,50,150,229,1,150,2,1,1,211,"At Risk"
505,2023-01-20,CUST505,Male,24,Beauty,1,50,50,345,1,50,2,1,1,211,"At Risk"
506,2023-02-25,CUST506,Male,34,Beauty,3,500,1500,309,1,1500,2,1,5,215,"Big Spenders"
507,2023-11-02,CUST507,Female,37,Electronics,3,500,1500,59,1,1500,4,1,5,415,"Big Spenders"
508,2023-08-11,CUST508,Male,58,Beauty,2,300,600,142,1,600,3,1,3,313,"Low Engagement"
509,2023-06-26,CUST509,Female,37,Electronics,3,300,900,188,1,900,3,1,3,313,"Low Engagement"
510,2023-06-10,CUST510,Female,39,Beauty,4,50,200,204,1,200,2,1,1,211,"At Risk"
511,2023-08-12,CUST511,Male,45,Beauty,2,50,100,141,1,100,3,1,1,311,"Low Engagement"
512,2023-11-07,CUST512,Female,57,Beauty,1,25,25,54,1,25,4,1,1,411,"Low Engagement"
513,2023-09-19,CUST513,Male,24,Electronics,4,25,100,103,1,100,3,1,1,311,"Low Engagement"
514,2023-03-01,CUST514,Female,18,Electronics,1,300,300,305,1,300,2,1,2,212,"At Risk"
515,2023-07-17,CUST515,Female,49,Clothing,3,300,900,167,1,900,3,1,3,313,"Low Engagement"
516,2023-10-23,CUST516,Male,30,Beauty,4,25,100,69,1,100,4,1,1,411,"Low Engagement"
517,2023-04-08,CUST517,Female,47,Clothing,4,25,100,267,1,100,2,1,1,211,"At Risk"
518,2023-05-11,CUST518,Female,40,Clothing,1,30,30,234,1,30,2,1,1,211,"At Risk"
519,2023-01-23,CUST519,Female,36,Electronics,4,30,120,342,1,120,2,1,1,211,"At Risk"
520,2023-12-29,CUST520,Female,49,Electronics,4,25,100,2,1,100,5,1,1,511,"Loyal Customers"
521,2023-08-12,CUST521,Female,47,Clothing,4,30,120,141,1,120,3,1,1,311,"Low Engagement"
522,2023-01-01,CUST522,Male,46,Beauty,3,500,1500,364,1,1500,2,1,5,215,"Big Spenders"
523,2023-09-24,CUST523,Female,62,Electronics,1,300,300,98,1,300,4,1,2,412,"Low Engagement"
524,2023-10-03,CUST524,Male,46,Beauty,4,300,1200,89,1,1200,4,1,4,414,"Low Engagement"
525,2023-12-18,CUST525,Female,47,Beauty,2,25,50,13,1,50,5,1,1,511,"Loyal Customers"
526,2023-12-10,CUST526,Male,33,Clothing,2,50,100,21,1,100,5,1,1,511,"Loyal Customers"
527,2023-04-11,CUST527,Male,57,Clothing,2,25,50,264,1,50,2,1,1,211,"At Risk"
528,2023-07-06,CUST528,Female,36,Clothing,2,30,60,178,1,60,3,1,1,311,"Low Engagement"
529,2023-08-09,CUST529,Female,35,Clothing,3,50,150,144,1,150,3,1,1,311,"Low Engagement"
530,2023-02-05,CUST530,Female,18,Electronics,4,30,120,329,1,120,2,1,1,211,"At Risk"
531,2023-12-07,CUST531,Male,31,Electronics,1,500,500,24,1,500,5,1,3,513,"Loyal Customers"
532,2023-06-19,CUST532,Female,64,Clothing,4,30,120,195,1,120,2,1,1,211,"At Risk"
533,2023-11-16,CUST533,Male,19,Electronics,3,500,1500,45,1,1500,4,1,5,415,"Big Spenders"
534,2023-06-10,CUST534,Male,45,Clothing,2,500,1000,204,1,1000,2,1,4,214,"At Risk"
535,2023-12-06,CUST535,Male,47,Beauty,3,30,90,25,1,90,5,1,1,511,"Loyal Customers"
536,2023-03-05,CUST536,Female,55,Beauty,4,30,120,301,1,120,2,1,1,211,"At Risk"
537,2023-06-03,CUST537,Female,21,Beauty,1,500,500,211,1,500,2,1,3,213,"At Risk"
538,2023-09-17,CUST538,Male,18,Clothing,3,50,150,105,1,150,3,1,1,311,"Low Engagement"
539,2023-06-08,CUST539,Male,25,Beauty,1,500,500,206,1,500,2,1,3,213,"At Risk"
540,2023-12-08,CUST540,Female,46,Electronics,3,300,900,23,1,900,5,1,3,513,"Loyal Customers"
541,2023-07-29,CUST541,Male,56,Beauty,1,500,500,155,1,500,3,1,3,313,"Low Engagement"
542,2023-06-17,CUST542,Female,20,Beauty,1,50,50,197,1,50,2,1,1,211,"At Risk"
543,2023-07-26,CUST543,Male,49,Beauty,2,300,600,158,1,600,3,1,3,313,"Low Engagement"
544,2023-12-23,CUST544,Female,27,Electronics,1,25,25,8,1,25,5,1,1,511,"Loyal Customers"
545,2023-06-01,CUST545,Male,27,Clothing,2,25,50,213,1,50,2,1,1,211,"At Risk"
546,2023-10-11,CUST546,Female,36,Electronics,4,50,200,81,1,200,4,1,1,411,"Low Engagement"
547,2023-03-07,CUST547,Male,63,Clothing,4,500,2000,299,1,2000,2,1,5,215,"Big Spenders"
548,2023-04-09,CUST548,Female,51,Clothing,2,30,60,266,1,60,2,1,1,211,"At Risk"
549,2023-08-04,CUST549,Female,50,Beauty,2,50,100,149,1,100,3,1,1,311,"Low Engagement"
550,2023-12-07,CUST550,Male,40,Clothing,3,300,900,24,1,900,5,1,3,513,"Loyal Customers"
551,2023-07-14,CUST551,Male,45,Electronics,3,300,900,170,1,900,3,1,3,313,"Low Engagement"
552,2023-12-13,CUST552,Female,49,Electronics,3,25,75,18,1,75,5,1,1,511,"Loyal Customers"
553,2023-03-31,CUST553,Male,24,Clothing,4,300,1200,275,1,1200,2,1,4,214,"At Risk"
554,2023-11-12,CUST554,Female,46,Beauty,3,50,150,49,1,150,4,1,1,411,"Low Engagement"
555,2023-10-19,CUST555,Male,25,Beauty,1,300,300,73,1,300,4,1,2,412,"Low Engagement"
556,2023-06-04,CUST556,Female,18,Electronics,1,50,50,210,1,50,2,1,1,211,"At Risk"
557,2023-07-27,CUST557,Female,20,Beauty,3,30,90,157,1,90,3,1,1,311,"Low Engagement"
558,2023-10-08,CUST558,Female,41,Clothing,1,25,25,84,1,25,4,1,1,411,"Low Engagement"
559,2023-01-01,CUST559,Female,40,Clothing,4,300,1200,364,1,1200,2,1,4,214,"At Risk"
560,2023-06-05,CUST560,Female,25,Electronics,1,50,50,209,1,50,2,1,1,211,"At Risk"
561,2023-05-27,CUST561,Female,64,Clothing,4,500,2000,218,1,2000,2,1,5,215,"Big Spenders"
562,2023-04-18,CUST562,Male,54,Electronics,2,25,50,257,1,50,2,1,1,211,"At Risk"
563,2023-08-09,CUST563,Male,20,Clothing,2,30,60,144,1,60,3,1,1,311,"Low Engagement"
564,2023-10-24,CUST564,Male,50,Electronics,2,50,100,68,1,100,4,1,1,411,"Low Engagement"
565,2023-11-07,CUST565,Female,45,Beauty,2,30,60,54,1,60,4,1,1,411,"Low Engagement"
566,2023-12-02,CUST566,Female,64,Clothing,1,30,30,29,1,30,5,1,1,511,"Loyal Customers"
567,2023-06-14,CUST567,Female,25,Clothing,3,300,900,200,1,900,2,1,3,213,"At Risk"
568,2023-08-27,CUST568,Female,51,Electronics,1,300,300,126,1,300,3,1,2,312,"Low Engagement"
569,2023-08-15,CUST569,Male,52,Electronics,4,50,200,138,1,200,3,1,1,311,"Low Engagement"
570,2023-08-15,CUST570,Male,49,Clothing,1,500,500,138,1,500,3,1,3,313,"Low Engagement"
571,2023-12-12,CUST571,Female,41,Electronics,1,50,50,19,1,50,5,1,1,511,"Loyal Customers"
572,2023-04-20,CUST572,Male,31,Clothing,4,500,2000,255,1,2000,2,1,5,215,"Big Spenders"
573,2023-09-19,CUST573,Male,49,Beauty,2,30,60,103,1,60,3,1,1,311,"Low Engagement"
574,2023-08-31,CUST574,Female,63,Electronics,2,25,50,122,1,50,3,1,1,311,"Low Engagement"
575,2023-03-28,CUST575,Male,60,Clothing,2,50,100,278,1,100,2,1,1,211,"At Risk"
576,2023-12-04,CUST576,Female,33,Beauty,3,50,150,27,1,150,5,1,1,511,"Loyal Customers"
577,2023-02-13,CUST577,Male,21,Beauty,4,500,2000,321,1,2000,2,1,5,215,"Big Spenders"
578,2023-05-26,CUST578,Female,54,Clothing,4,30,120,219,1,120,2,1,1,211,"At Risk"
579,2023-09-21,CUST579,Female,38,Electronics,1,30,30,101,1,30,3,1,1,311,"Low Engagement"
580,2023-12-06,CUST580,Female,31,Clothing,3,500,1500,25,1,1500,5,1,5,515,"Loyal Customers"
581,2023-11-21,CUST581,Female,48,Beauty,2,30,60,40,1,60,4,1,1,411,"Low Engagement"
582,2023-11-14,CUST582,Male,35,Clothing,3,300,900,47,1,900,4,1,3,413,"Low Engagement"
583,2023-06-21,CUST583,Female,24,Electronics,4,25,100,193,1,100,2,1,1,211,"At Risk"
584,2023-02-17,CUST584,Female,27,Beauty,4,50,200,317,1,200,2,1,1,211,"At Risk"
585,2023-05-01,CUST585,Female,24,Clothing,1,25,25,244,1,25,2,1,1,211,"At Risk"
586,2023-12-11,CUST586,Male,50,Electronics,1,50,50,20,1,50,5,1,1,511,"Loyal Customers"
587,2023-06-08,CUST587,Female,40,Beauty,4,300,1200,206,1,1200,2,1,4,214,"At Risk"
588,2023-04-26,CUST588,Male,38,Electronics,2,30,60,249,1,60,2,1,1,211,"At Risk"
589,2023-04-12,CUST589,Female,36,Beauty,2,500,1000,263,1,1000,2,1,4,214,"At Risk"
590,2023-03-17,CUST590,Male,36,Clothing,3,300,900,289,1,900,2,1,3,213,"At Risk"
591,2023-01-13,CUST591,Male,53,Electronics,4,25,100,352,1,100,2,1,1,211,"At Risk"
592,2023-01-24,CUST592,Female,46,Beauty,4,500,2000,341,1,2000,2,1,5,215,"Big Spenders"
593,2023-05-06,CUST593,Male,35,Electronics,2,30,60,239,1,60,2,1,1,211,"At Risk"
594,2023-09-01,CUST594,Female,19,Electronics,2,300,600,121,1,600,3,1,3,313,"Low Engagement"
595,2023-11-09,CUST595,Female,18,Clothing,4,500,2000,52,1,2000,4,1,5,415,"Big Spenders"
596,2023-02-07,CUST596,Female,64,Electronics,1,300,300,327,1,300,2,1,2,212,"At Risk"
597,2023-08-22,CUST597,Male,22,Beauty,4,300,1200,131,1,1200,3,1,4,314,"Low Engagement"
598,2023-08-01,CUST598,Male,37,Beauty,4,30,120,152,1,120,3,1,1,311,"Low Engagement"
599,2023-11-19,CUST599,Female,28,Beauty,2,50,100,42,1,100,4,1,1,411,"Low Engagement"
600,2023-10-22,CUST600,Female,59,Beauty,2,500,1000,70,1,1000,4,1,4,414,"Low Engagement"
601,2023-04-10,CUST601,Male,19,Clothing,1,30,30,265,1,30,2,1,1,211,"At Risk"
602,2023-12-23,CUST602,Female,20,Electronics,1,300,300,8,1,300,5,1,2,512,"Loyal Customers"
603,2023-07-16,CUST603,Female,40,Clothing,3,30,90,168,1,90,3,1,1,311,"Low Engagement"
604,2023-09-11,CUST604,Female,29,Electronics,4,50,200,111,1,200,3,1,1,311,"Low Engagement"
605,2023-07-24,CUST605,Male,37,Electronics,2,500,1000,160,1,1000,3,1,4,314,"Low Engagement"
606,2023-05-05,CUST606,Male,22,Electronics,1,50,50,240,1,50,2,1,1,211,"At Risk"
607,2023-03-17,CUST607,Male,54,Clothing,3,25,75,289,1,75,2,1,1,211,"At Risk"
608,2023-12-02,CUST608,Female,55,Electronics,3,500,1500,29,1,1500,5,1,5,515,"Loyal Customers"
609,2023-12-19,CUST609,Female,47,Clothing,2,50,100,12,1,100,5,1,1,511,"Loyal Customers"
610,2023-01-03,CUST610,Female,26,Beauty,2,300,600,362,1,600,2,1,3,213,"At Risk"
611,2023-02-24,CUST611,Male,51,Beauty,3,500,1500,310,1,1500,2,1,5,215,"Big Spenders"
612,2023-08-06,CUST612,Female,61,Electronics,1,500,500,147,1,500,3,1,3,313,"Low Engagement"
613,2023-04-23,CUST613,Female,52,Clothing,3,30,90,252,1,90,2,1,1,211,"At Risk"
614,2023-04-01,CUST614,Female,39,Beauty,4,300,1200,274,1,1200,2,1,4,214,"At Risk"
615,2023-12-23,CUST615,Female,61,Clothing,4,25,100,8,1,100,5,1,1,511,"Loyal Customers"
616,2023-09-23,CUST616,Male,41,Clothing,2,50,100,99,1,100,4,1,1,411,"Low Engagement"
617,2023-08-26,CUST617,Male,34,Electronics,1,30,30,127,1,30,3,1,1,311,"Low Engagement"
618,2023-01-26,CUST618,Female,27,Beauty,1,50,50,339,1,50,2,1,1,211,"At Risk"
619,2023-10-13,CUST619,Male,47,Electronics,4,25,100,79,1,100,4,1,1,411,"Low Engagement"
620,2023-05-08,CUST620,Male,63,Electronics,3,25,75,237,1,75,2,1,1,211,"At Risk"
621,2023-03-04,CUST621,Female,40,Beauty,2,500,1000,302,1,1000,2,1,4,214,"At Risk"
622,2023-08-22,CUST622,Female,49,Beauty,3,25,75,131,1,75,3,1,1,311,"Low Engagement"
623,2023-03-10,CUST623,Male,34,Clothing,3,50,150,296,1,150,2,1,1,211,"At Risk"
624,2023-08-26,CUST624,Female,34,Beauty,3,300,900,127,1,900,3,1,3,313,"Low Engagement"
625,2023-12-08,CUST625,Male,31,Clothing,1,300,300,23,1,300,5,1,2,512,"Loyal Customers"
626,2023-09-29,CUST626,Female,26,Clothing,4,500,2000,93,1,2000,4,1,5,415,"Big Spenders"
627,2023-10-14,CUST627,Male,57,Clothing,1,50,50,78,1,50,4,1,1,411,"Low Engagement"
628,2023-11-01,CUST628,Female,19,Beauty,4,50,200,60,1,200,4,1,1,411,"Low Engagement"
629,2023-06-12,CUST629,Male,62,Electronics,2,25,50,202,1,50,2,1,1,211,"At Risk"
630,2023-08-15,CUST630,Male,42,Clothing,2,50,100,138,1,100,3,1,1,311,"Low Engagement"
631,2023-11-10,CUST631,Male,56,Electronics,3,30,90,51,1,90,4,1,1,411,"Low Engagement"
632,2023-09-16,CUST632,Female,26,Electronics,4,25,100,106,1,100,3,1,1,311,"Low Engagement"
633,2023-08-07,CUST633,Male,39,Beauty,4,30,120,146,1,120,3,1,1,311,"Low Engagement"
634,2023-10-08,CUST634,Male,60,Electronics,4,500,2000,84,1,2000,4,1,5,415,"Big Spenders"
635,2023-08-17,CUST635,Female,63,Electronics,3,300,900,136,1,900,3,1,3,313,"Low Engagement"
636,2023-03-23,CUST636,Female,21,Beauty,3,500,1500,283,1,1500,2,1,5,215,"Big Spenders"
637,2023-09-01,CUST637,Male,43,Clothing,2,300,600,121,1,600,3,1,3,313,"Low Engagement"
638,2023-08-19,CUST638,Male,46,Electronics,1,500,500,134,1,500,3,1,3,313,"Low Engagement"
639,2023-05-13,CUST639,Female,62,Beauty,4,50,200,232,1,200,2,1,1,211,"At Risk"
640,2023-05-07,CUST640,Female,51,Electronics,4,30,120,238,1,120,2,1,1,211,"At Risk"
641,2023-11-23,CUST641,Female,40,Electronics,1,300,300,38,1,300,4,1,2,412,"Low Engagement"
642,2023-05-22,CUST642,Female,54,Clothing,4,25,100,223,1,100,2,1,1,211,"At Risk"
643,2023-09-24,CUST643,Female,28,Electronics,3,30,90,98,1,90,4,1,1,411,"Low Engagement"
644,2023-09-06,CUST644,Male,23,Beauty,3,25,75,116,1,75,3,1,1,311,"Low Engagement"
645,2023-11-17,CUST645,Female,35,Electronics,4,30,120,44,1,120,4,1,1,411,"Low Engagement"
646,2023-05-03,CUST646,Male,38,Clothing,3,30,90,242,1,90,2,1,1,211,"At Risk"
647,2023-05-21,CUST647,Male,59,Clothing,3,500,1500,224,1,1500,2,1,5,215,"Big Spenders"
648,2023-08-14,CUST648,Male,53,Beauty,4,300,1200,139,1,1200,3,1,4,314,"Low Engagement"
649,2023-02-09,CUST649,Female,58,Clothing,2,300,600,325,1,600,2,1,3,213,"At Risk"
650,2024-01-01,CUST650,Male,55,Electronics,1,30,30,NULL,NULL,NULL,1,1,1,111,"Low Engagement"
651,2023-05-27,CUST651,Male,51,Clothing,3,50,150,218,1,150,2,1,1,211,"At Risk"
652,2023-05-01,CUST652,Female,34,Beauty,2,50,100,244,1,100,2,1,1,211,"At Risk"
653,2023-05-20,CUST653,Male,54,Clothing,3,25,75,225,1,75,2,1,1,211,"At Risk"
654,2023-06-21,CUST654,Male,42,Clothing,3,25,75,193,1,75,2,1,1,211,"At Risk"
655,2023-06-13,CUST655,Female,55,Clothing,1,500,500,201,1,500,2,1,3,213,"At Risk"
656,2023-10-04,CUST656,Male,29,Beauty,3,30,90,88,1,90,4,1,1,411,"Low Engagement"
657,2023-02-11,CUST657,Male,40,Clothing,1,25,25,323,1,25,2,1,1,211,"At Risk"
658,2023-03-12,CUST658,Male,59,Clothing,1,25,25,294,1,25,2,1,1,211,"At Risk"
659,2023-03-19,CUST659,Female,39,Electronics,1,30,30,287,1,30,2,1,1,211,"At Risk"
660,2023-04-29,CUST660,Female,38,Beauty,2,500,1000,246,1,1000,2,1,4,214,"At Risk"
661,2023-07-16,CUST661,Female,44,Clothing,4,25,100,168,1,100,3,1,1,311,"Low Engagement"
662,2023-12-22,CUST662,Male,48,Beauty,2,500,1000,9,1,1000,5,1,4,514,"Loyal Customers"
663,2023-03-20,CUST663,Male,23,Clothing,4,300,1200,286,1,1200,2,1,4,214,"At Risk"
664,2023-12-28,CUST664,Female,44,Clothing,4,500,2000,3,1,2000,5,1,5,515,"Loyal Customers"
665,2023-04-20,CUST665,Male,57,Clothing,1,50,50,255,1,50,2,1,1,211,"At Risk"
666,2023-02-02,CUST666,Male,51,Electronics,3,50,150,332,1,150,2,1,1,211,"At Risk"
667,2023-08-01,CUST667,Female,29,Electronics,1,500,500,152,1,500,3,1,3,313,"Low Engagement"
668,2023-07-28,CUST668,Female,62,Electronics,3,50,150,156,1,150,3,1,1,311,"Low Engagement"
669,2023-06-19,CUST669,Male,24,Beauty,4,300,1200,195,1,1200,2,1,4,214,"At Risk"
670,2023-10-05,CUST670,Male,27,Beauty,1,30,30,87,1,30,4,1,1,411,"Low Engagement"
671,2023-08-27,CUST671,Male,62,Electronics,3,50,150,126,1,150,3,1,1,311,"Low Engagement"
672,2023-08-01,CUST672,Female,34,Beauty,2,50,100,152,1,100,3,1,1,311,"Low Engagement"
673,2023-02-01,CUST673,Female,43,Clothing,3,500,1500,333,1,1500,2,1,5,215,"Big Spenders"
674,2023-04-16,CUST674,Female,38,Clothing,1,300,300,259,1,300,2,1,2,212,"At Risk"
675,2023-08-04,CUST675,Female,45,Clothing,2,30,60,149,1,60,3,1,1,311,"Low Engagement"
676,2023-07-19,CUST676,Male,63,Electronics,3,500,1500,165,1,1500,3,1,5,315,"Big Spenders"
677,2023-10-27,CUST677,Female,19,Beauty,3,500,1500,65,1,1500,4,1,5,415,"Big Spenders"
678,2023-12-23,CUST678,Female,60,Electronics,3,300,900,8,1,900,5,1,3,513,"Loyal Customers"
679,2023-01-11,CUST679,Female,18,Beauty,3,30,90,354,1,90,2,1,1,211,"At Risk"
680,2023-10-22,CUST680,Female,53,Clothing,3,300,900,70,1,900,4,1,3,413,"Low Engagement"
681,2023-07-14,CUST681,Female,43,Electronics,2,30,60,170,1,60,3,1,1,311,"Low Engagement"
682,2023-09-02,CUST682,Male,46,Beauty,4,300,1200,120,1,1200,3,1,4,314,"Low Engagement"
683,2023-01-04,CUST683,Male,38,Beauty,2,500,1000,361,1,1000,2,1,4,214,"At Risk"
684,2023-06-30,CUST684,Female,28,Clothing,2,500,1000,184,1,1000,3,1,4,314,"Low Engagement"
685,2023-06-02,CUST685,Male,57,Electronics,2,25,50,212,1,50,2,1,1,211,"At Risk"
686,2023-07-19,CUST686,Female,28,Electronics,4,50,200,165,1,200,3,1,1,311,"Low Engagement"
687,2023-08-03,CUST687,Female,53,Electronics,1,300,300,150,1,300,3,1,2,312,"Low Engagement"
688,2023-10-03,CUST688,Male,56,Clothing,4,25,100,89,1,100,4,1,1,411,"Low Engagement"
689,2023-10-07,CUST689,Male,57,Electronics,2,50,100,85,1,100,4,1,1,411,"Low Engagement"
690,2023-11-05,CUST690,Female,52,Clothing,3,300,900,56,1,900,4,1,3,413,"Low Engagement"
691,2023-04-23,CUST691,Female,51,Clothing,3,30,90,252,1,90,2,1,1,211,"At Risk"
692,2023-09-07,CUST692,Female,64,Clothing,2,50,100,115,1,100,3,1,1,311,"Low Engagement"
693,2023-04-23,CUST693,Male,41,Beauty,3,500,1500,252,1,1500,2,1,5,215,"Big Spenders"
694,2023-05-20,CUST694,Female,39,Electronics,2,25,50,225,1,50,2,1,1,211,"At Risk"
695,2023-08-12,CUST695,Female,22,Electronics,3,50,150,141,1,150,3,1,1,311,"Low Engagement"
696,2023-09-06,CUST696,Female,50,Clothing,4,50,200,116,1,200,3,1,1,311,"Low Engagement"
697,2023-01-15,CUST697,Male,53,Clothing,1,500,500,350,1,500,2,1,3,213,"At Risk"
698,2023-07-19,CUST698,Female,64,Electronics,1,300,300,165,1,300,3,1,2,312,"Low Engagement"
699,2023-06-22,CUST699,Female,37,Clothing,4,30,120,192,1,120,2,1,1,211,"At Risk"
700,2023-12-09,CUST700,Male,36,Electronics,4,500,2000,22,1,2000,5,1,5,515,"Loyal Customers"
701,2023-12-14,CUST701,Female,52,Beauty,2,30,60,17,1,60,5,1,1,511,"Loyal Customers"
702,2023-07-27,CUST702,Female,60,Clothing,2,300,600,157,1,600,3,1,3,313,"Low Engagement"
703,2023-03-26,CUST703,Male,34,Electronics,2,50,100,280,1,100,2,1,1,211,"At Risk"
704,2023-08-28,CUST704,Female,62,Clothing,3,30,90,125,1,90,3,1,1,311,"Low Engagement"
705,2023-03-07,CUST705,Male,60,Electronics,2,25,50,299,1,50,2,1,1,211,"At Risk"
706,2023-11-15,CUST706,Male,51,Electronics,4,25,100,46,1,100,4,1,1,411,"Low Engagement"
707,2023-10-01,CUST707,Female,26,Clothing,1,500,500,91,1,500,4,1,3,413,"Low Engagement"
708,2023-01-14,CUST708,Female,43,Beauty,3,300,900,351,1,900,2,1,3,213,"At Risk"
709,2023-07-21,CUST709,Female,19,Electronics,2,500,1000,163,1,1000,3,1,4,314,"Low Engagement"
710,2023-10-31,CUST710,Female,26,Electronics,3,500,1500,61,1,1500,4,1,5,415,"Big Spenders"
711,2023-10-16,CUST711,Male,26,Electronics,3,500,1500,76,1,1500,4,1,5,415,"Big Spenders"
712,2023-12-06,CUST712,Female,57,Beauty,2,25,50,25,1,50,5,1,1,511,"Loyal Customers"
713,2023-01-14,CUST713,Male,34,Beauty,3,25,75,351,1,75,2,1,1,211,"At Risk"
714,2023-02-12,CUST714,Female,18,Clothing,1,500,500,322,1,500,2,1,3,213,"At Risk"
715,2023-11-26,CUST715,Female,42,Beauty,4,25,100,35,1,100,4,1,1,411,"Low Engagement"
716,2023-08-08,CUST716,Female,60,Clothing,4,300,1200,145,1,1200,3,1,4,314,"Low Engagement"
717,2023-03-11,CUST717,Male,57,Clothing,1,500,500,295,1,500,2,1,3,213,"At Risk"
718,2023-08-25,CUST718,Female,59,Beauty,3,25,75,128,1,75,3,1,1,311,"Low Engagement"
719,2023-04-04,CUST719,Female,42,Clothing,2,30,60,271,1,60,2,1,1,211,"At Risk"
720,2023-01-26,CUST720,Female,56,Beauty,3,500,1500,339,1,1500,2,1,5,215,"Big Spenders"
721,2023-05-14,CUST721,Female,52,Clothing,1,500,500,231,1,500,2,1,3,213,"At Risk"
722,2023-07-14,CUST722,Male,20,Beauty,3,300,900,170,1,900,3,1,3,313,"Low Engagement"
723,2023-06-17,CUST723,Female,54,Beauty,4,50,200,197,1,200,2,1,1,211,"At Risk"
724,2023-04-19,CUST724,Male,61,Clothing,3,50,150,256,1,150,2,1,1,211,"At Risk"
725,2023-08-21,CUST725,Male,61,Electronics,1,300,300,132,1,300,3,1,2,312,"Low Engagement"
726,2023-06-17,CUST726,Male,47,Clothing,4,300,1200,197,1,1200,2,1,4,214,"At Risk"
727,2023-06-22,CUST727,Male,55,Beauty,3,300,900,192,1,900,2,1,3,213,"At Risk"
728,2023-07-14,CUST728,Male,51,Electronics,3,50,150,170,1,150,3,1,1,311,"Low Engagement"
729,2023-05-23,CUST729,Male,29,Clothing,4,300,1200,222,1,1200,2,1,4,214,"At Risk"
730,2023-08-04,CUST730,Female,36,Clothing,2,25,50,149,1,50,3,1,1,311,"Low Engagement"
731,2023-05-10,CUST731,Male,54,Clothing,4,500,2000,235,1,2000,2,1,5,215,"Big Spenders"
732,2023-02-11,CUST732,Male,61,Electronics,2,500,1000,323,1,1000,2,1,4,214,"At Risk"
733,2023-08-29,CUST733,Male,34,Beauty,1,30,30,124,1,30,3,1,1,311,"Low Engagement"
734,2023-01-10,CUST734,Female,27,Clothing,1,30,30,355,1,30,2,1,1,211,"At Risk"
735,2023-10-04,CUST735,Female,64,Clothing,4,500,2000,88,1,2000,4,1,5,415,"Big Spenders"
736,2023-01-27,CUST736,Male,29,Clothing,4,25,100,338,1,100,2,1,1,211,"At Risk"
737,2023-06-29,CUST737,Female,33,Clothing,1,50,50,185,1,50,3,1,1,311,"Low Engagement"
738,2023-04-25,CUST738,Male,41,Clothing,2,50,100,250,1,100,2,1,1,211,"At Risk"
739,2023-11-29,CUST739,Male,36,Beauty,1,25,25,32,1,25,4,1,1,411,"Low Engagement"
740,2023-02-05,CUST740,Female,25,Beauty,4,50,200,329,1,200,2,1,1,211,"At Risk"
741,2023-11-30,CUST741,Male,48,Clothing,1,300,300,31,1,300,4,1,2,412,"Low Engagement"
742,2023-01-21,CUST742,Female,38,Electronics,4,500,2000,344,1,2000,2,1,5,215,"Big Spenders"
743,2023-01-16,CUST743,Female,34,Beauty,4,500,2000,349,1,2000,2,1,5,215,"Big Spenders"
744,2023-05-07,CUST744,Male,40,Electronics,1,25,25,238,1,25,2,1,1,211,"At Risk"
745,2023-04-13,CUST745,Male,54,Beauty,2,50,100,262,1,100,2,1,1,211,"At Risk"
746,2023-01-11,CUST746,Female,33,Clothing,3,30,90,354,1,90,2,1,1,211,"At Risk"
747,2023-11-15,CUST747,Male,23,Beauty,1,30,30,46,1,30,4,1,1,411,"Low Engagement"
748,2023-03-20,CUST748,Male,25,Clothing,3,50,150,286,1,150,2,1,1,211,"At Risk"
749,2023-05-03,CUST749,Male,42,Beauty,1,30,30,242,1,30,2,1,1,211,"At Risk"
750,2023-03-06,CUST750,Female,35,Clothing,3,25,75,300,1,75,2,1,1,211,"At Risk"
751,2023-08-31,CUST751,Female,42,Clothing,2,25,50,122,1,50,3,1,1,311,"Low Engagement"
752,2023-12-09,CUST752,Male,29,Clothing,2,50,100,22,1,100,5,1,1,511,"Loyal Customers"
753,2023-02-28,CUST753,Female,32,Clothing,1,30,30,306,1,30,2,1,1,211,"At Risk"
754,2023-10-16,CUST754,Female,43,Electronics,4,25,100,76,1,100,4,1,1,411,"Low Engagement"
755,2023-04-22,CUST755,Female,58,Clothing,3,25,75,253,1,75,2,1,1,211,"At Risk"
756,2023-08-27,CUST756,Female,62,Electronics,4,300,1200,126,1,1200,3,1,4,314,"Low Engagement"
757,2023-12-25,CUST757,Female,43,Electronics,4,300,1200,6,1,1200,5,1,4,514,"Loyal Customers"
758,2023-05-12,CUST758,Male,64,Clothing,4,25,100,233,1,100,2,1,1,211,"At Risk"
759,2023-07-08,CUST759,Male,49,Electronics,2,50,100,176,1,100,3,1,1,311,"Low Engagement"
760,2023-03-27,CUST760,Male,27,Beauty,1,500,500,279,1,500,2,1,3,213,"At Risk"
761,2023-11-07,CUST761,Female,33,Clothing,1,500,500,54,1,500,4,1,3,413,"Low Engagement"
762,2023-11-07,CUST762,Female,24,Electronics,2,25,50,54,1,50,4,1,1,411,"Low Engagement"
763,2023-02-28,CUST763,Male,34,Clothing,2,25,50,306,1,50,2,1,1,211,"At Risk"
764,2023-03-25,CUST764,Female,40,Clothing,1,25,25,281,1,25,2,1,1,211,"At Risk"
765,2023-06-09,CUST765,Male,43,Clothing,4,50,200,205,1,200,2,1,1,211,"At Risk"
766,2023-02-25,CUST766,Male,38,Electronics,3,300,900,309,1,900,2,1,3,213,"At Risk"
767,2023-10-24,CUST767,Male,39,Beauty,3,25,75,68,1,75,4,1,1,411,"Low Engagement"
768,2023-01-14,CUST768,Female,24,Beauty,3,25,75,351,1,75,2,1,1,211,"At Risk"
769,2023-06-09,CUST769,Female,31,Electronics,4,30,120,205,1,120,2,1,1,211,"At Risk"
770,2023-10-22,CUST770,Male,32,Clothing,1,50,50,70,1,50,4,1,1,411,"Low Engagement"
771,2023-12-13,CUST771,Male,24,Electronics,2,25,50,18,1,50,5,1,1,511,"Loyal Customers"
772,2023-07-12,CUST772,Male,26,Electronics,1,30,30,172,1,30,3,1,1,311,"Low Engagement"
773,2023-07-23,CUST773,Male,25,Electronics,4,500,2000,161,1,2000,3,1,5,315,"Big Spenders"
774,2023-04-12,CUST774,Female,40,Clothing,2,25,50,263,1,50,2,1,1,211,"At Risk"
775,2023-02-08,CUST775,Female,46,Electronics,4,25,100,326,1,100,2,1,1,211,"At Risk"
776,2023-10-31,CUST776,Male,35,Clothing,3,30,90,61,1,90,4,1,1,411,"Low Engagement"
777,2023-12-20,CUST777,Male,48,Electronics,3,50,150,11,1,150,5,1,1,511,"Loyal Customers"
778,2023-11-18,CUST778,Female,47,Beauty,4,25,100,43,1,100,4,1,1,411,"Low Engagement"
779,2023-05-05,CUST779,Female,56,Electronics,2,500,1000,240,1,1000,2,1,4,214,"At Risk"
780,2023-02-22,CUST780,Male,52,Electronics,2,25,50,312,1,50,2,1,1,211,"At Risk"
781,2023-12-23,CUST781,Male,35,Beauty,1,500,500,8,1,500,5,1,3,513,"Loyal Customers"
782,2023-06-04,CUST782,Male,59,Clothing,3,300,900,210,1,900,2,1,3,213,"At Risk"
783,2023-12-17,CUST783,Female,56,Clothing,1,300,300,14,1,300,5,1,2,512,"Loyal Customers"
784,2023-11-04,CUST784,Female,34,Electronics,1,500,500,57,1,500,4,1,3,413,"Low Engagement"
785,2023-03-03,CUST785,Female,31,Beauty,4,50,200,303,1,200,2,1,1,211,"At Risk"
786,2023-10-17,CUST786,Male,48,Clothing,4,25,100,75,1,100,4,1,1,411,"Low Engagement"
787,2023-01-22,CUST787,Male,41,Electronics,1,25,25,343,1,25,2,1,1,211,"At Risk"
788,2023-06-27,CUST788,Female,52,Beauty,3,300,900,187,1,900,3,1,3,313,"Low Engagement"
789,2023-09-30,CUST789,Female,61,Clothing,4,500,2000,92,1,2000,4,1,5,415,"Big Spenders"
790,2023-08-08,CUST790,Male,62,Clothing,1,25,25,145,1,25,3,1,1,311,"Low Engagement"
791,2023-12-05,CUST791,Female,51,Beauty,1,25,25,26,1,25,5,1,1,511,"Loyal Customers"
792,2023-07-09,CUST792,Female,20,Beauty,1,50,50,175,1,50,3,1,1,311,"Low Engagement"
793,2023-02-05,CUST793,Male,54,Beauty,1,30,30,329,1,30,2,1,1,211,"At Risk"
794,2023-09-17,CUST794,Female,60,Beauty,1,300,300,105,1,300,3,1,2,312,"Low Engagement"
795,2023-11-28,CUST795,Male,57,Electronics,1,300,300,33,1,300,4,1,2,412,"Low Engagement"
796,2023-06-24,CUST796,Male,43,Beauty,4,30,120,190,1,120,3,1,1,311,"Low Engagement"
797,2023-01-07,CUST797,Male,40,Clothing,3,25,75,358,1,75,2,1,1,211,"At Risk"
798,2023-08-04,CUST798,Male,61,Clothing,1,50,50,149,1,50,3,1,1,311,"Low Engagement"
799,2023-09-08,CUST799,Male,56,Electronics,2,50,100,114,1,100,3,1,1,311,"Low Engagement"
800,2023-02-24,CUST800,Male,32,Clothing,4,300,1200,310,1,1200,2,1,4,214,"At Risk"
801,2023-08-10,CUST801,Male,21,Clothing,4,50,200,143,1,200,3,1,1,311,"Low Engagement"
802,2023-07-05,CUST802,Female,46,Beauty,1,30,30,179,1,30,3,1,1,311,"Low Engagement"
803,2023-11-22,CUST803,Male,39,Clothing,4,25,100,39,1,100,4,1,1,411,"Low Engagement"
804,2023-08-24,CUST804,Male,42,Electronics,1,30,30,129,1,30,3,1,1,311,"Low Engagement"
805,2023-12-29,CUST805,Female,30,Beauty,3,500,1500,2,1,1500,5,1,5,515,"Loyal Customers"
806,2023-03-20,CUST806,Female,35,Beauty,3,300,900,286,1,900,2,1,3,213,"At Risk"
807,2023-08-11,CUST807,Female,50,Electronics,4,50,200,142,1,200,3,1,1,311,"Low Engagement"
808,2023-04-01,CUST808,Male,33,Beauty,4,500,2000,274,1,2000,2,1,5,215,"Big Spenders"
809,2023-09-25,CUST809,Female,62,Beauty,2,50,100,97,1,100,4,1,1,411,"Low Engagement"
810,2023-11-30,CUST810,Male,59,Electronics,4,25,100,31,1,100,4,1,1,411,"Low Engagement"
811,2023-05-19,CUST811,Male,61,Beauty,2,25,50,226,1,50,2,1,1,211,"At Risk"
812,2023-11-12,CUST812,Male,19,Electronics,3,25,75,49,1,75,4,1,1,411,"Low Engagement"
813,2023-10-03,CUST813,Male,52,Electronics,3,50,150,89,1,150,4,1,1,411,"Low Engagement"
814,2023-09-05,CUST814,Female,59,Clothing,1,500,500,117,1,500,3,1,3,313,"Low Engagement"
815,2023-08-27,CUST815,Female,51,Clothing,3,25,75,126,1,75,3,1,1,311,"Low Engagement"
816,2023-08-12,CUST816,Male,47,Beauty,2,500,1000,141,1,1000,3,1,4,314,"Low Engagement"
817,2023-10-31,CUST817,Male,30,Beauty,4,50,200,61,1,200,4,1,1,411,"Low Engagement"
818,2023-05-18,CUST818,Male,30,Electronics,1,500,500,227,1,500,2,1,3,213,"At Risk"
819,2023-06-15,CUST819,Female,35,Beauty,2,50,100,199,1,100,2,1,1,211,"At Risk"
820,2023-05-06,CUST820,Male,49,Electronics,4,50,200,239,1,200,2,1,1,211,"At Risk"
821,2023-02-14,CUST821,Male,49,Electronics,1,300,300,320,1,300,2,1,2,212,"At Risk"
822,2023-05-23,CUST822,Female,52,Beauty,3,50,150,222,1,150,2,1,1,211,"At Risk"
823,2023-08-19,CUST823,Female,56,Electronics,2,50,100,134,1,100,3,1,1,311,"Low Engagement"
824,2023-05-05,CUST824,Male,63,Clothing,4,30,120,240,1,120,2,1,1,211,"At Risk"
825,2023-08-26,CUST825,Female,46,Beauty,1,25,25,127,1,25,3,1,1,311,"Low Engagement"
826,2023-10-19,CUST826,Female,46,Clothing,1,300,300,73,1,300,4,1,2,412,"Low Engagement"
827,2023-11-09,CUST827,Male,61,Beauty,3,300,900,52,1,900,4,1,3,413,"Low Engagement"
828,2023-12-09,CUST828,Female,33,Electronics,4,300,1200,22,1,1200,5,1,4,514,"Loyal Customers"
829,2023-07-14,CUST829,Male,61,Beauty,3,30,90,170,1,90,3,1,1,311,"Low Engagement"
830,2023-06-22,CUST830,Female,64,Clothing,3,50,150,192,1,150,2,1,1,211,"At Risk"
831,2023-01-15,CUST831,Male,27,Electronics,4,25,100,350,1,100,2,1,1,211,"At Risk"
832,2023-09-11,CUST832,Male,47,Beauty,4,500,2000,111,1,2000,3,1,5,315,"Big Spenders"
833,2023-06-16,CUST833,Male,42,Beauty,4,50,200,198,1,200,2,1,1,211,"At Risk"
834,2023-04-04,CUST834,Female,56,Beauty,2,30,60,271,1,60,2,1,1,211,"At Risk"
835,2023-09-07,CUST835,Male,37,Clothing,4,50,200,115,1,200,3,1,1,311,"Low Engagement"
836,2023-04-19,CUST836,Female,22,Clothing,1,50,50,256,1,50,2,1,1,211,"At Risk"
837,2023-07-01,CUST837,Male,18,Beauty,3,30,90,183,1,90,3,1,1,311,"Low Engagement"
838,2023-05-13,CUST838,Male,47,Electronics,2,300,600,232,1,600,2,1,3,213,"At Risk"
839,2023-06-24,CUST839,Female,20,Electronics,4,300,1200,190,1,1200,3,1,4,314,"Low Engagement"
840,2023-05-24,CUST840,Male,62,Clothing,2,25,50,221,1,50,2,1,1,211,"At Risk"
841,2023-11-02,CUST841,Male,31,Electronics,4,25,100,59,1,100,4,1,1,411,"Low Engagement"
842,2023-12-26,CUST842,Female,47,Clothing,2,300,600,5,1,600,5,1,3,513,"Loyal Customers"
843,2023-05-22,CUST843,Male,21,Beauty,3,500,1500,223,1,1500,2,1,5,215,"Big Spenders"
844,2023-10-12,CUST844,Male,35,Clothing,3,50,150,80,1,150,4,1,1,411,"Low Engagement"
845,2023-01-06,CUST845,Male,54,Clothing,1,500,500,359,1,500,2,1,3,213,"At Risk"
846,2023-09-22,CUST846,Male,42,Beauty,1,50,50,100,1,50,4,1,1,411,"Low Engagement"
847,2023-04-08,CUST847,Female,18,Electronics,4,300,1200,267,1,1200,2,1,4,214,"At Risk"
848,2023-02-13,CUST848,Female,63,Clothing,3,25,75,321,1,75,2,1,1,211,"At Risk"
849,2023-05-04,CUST849,Male,32,Clothing,2,25,50,241,1,50,2,1,1,211,"At Risk"
850,2023-07-28,CUST850,Female,26,Beauty,2,500,1000,156,1,1000,3,1,4,314,"Low Engagement"
851,2023-09-08,CUST851,Male,32,Electronics,2,25,50,114,1,50,3,1,1,311,"Low Engagement"
852,2023-10-12,CUST852,Female,41,Clothing,1,300,300,80,1,300,4,1,2,412,"Low Engagement"
853,2023-05-04,CUST853,Male,21,Beauty,2,500,1000,241,1,1000,2,1,4,214,"At Risk"
854,2023-12-20,CUST854,Male,29,Clothing,1,50,50,11,1,50,5,1,1,511,"Loyal Customers"
855,2023-09-01,CUST855,Male,54,Beauty,1,25,25,121,1,25,3,1,1,311,"Low Engagement"
856,2023-11-27,CUST856,Male,54,Electronics,4,30,120,34,1,120,4,1,1,411,"Low Engagement"
857,2023-12-31,CUST857,Male,60,Electronics,2,25,50,0,1,50,5,1,1,511,"Loyal Customers"
858,2023-09-09,CUST858,Male,23,Electronics,2,50,100,113,1,100,3,1,1,311,"Low Engagement"
859,2023-08-18,CUST859,Female,56,Electronics,3,500,1500,135,1,1500,3,1,5,315,"Big Spenders"
860,2023-01-09,CUST860,Male,63,Clothing,4,50,200,356,1,200,2,1,1,211,"At Risk"
861,2023-02-17,CUST861,Female,41,Clothing,3,30,90,317,1,90,2,1,1,211,"At Risk"
862,2023-05-31,CUST862,Male,28,Electronics,4,300,1200,214,1,1200,2,1,4,214,"At Risk"
863,2023-04-24,CUST863,Female,30,Electronics,2,25,50,251,1,50,2,1,1,211,"At Risk"
864,2023-07-27,CUST864,Female,51,Electronics,1,500,500,157,1,500,3,1,3,313,"Low Engagement"
865,2023-12-21,CUST865,Female,42,Clothing,1,300,300,10,1,300,5,1,2,512,"Loyal Customers"
866,2023-05-05,CUST866,Male,24,Electronics,1,50,50,240,1,50,2,1,1,211,"At Risk"
867,2023-06-06,CUST867,Male,21,Electronics,1,500,500,208,1,500,2,1,3,213,"At Risk"
868,2023-12-06,CUST868,Female,25,Electronics,1,300,300,25,1,300,5,1,2,512,"Loyal Customers"
869,2023-10-25,CUST869,Male,37,Beauty,3,500,1500,67,1,1500,4,1,5,415,"Big Spenders"
870,2023-07-08,CUST870,Female,46,Electronics,4,30,120,176,1,120,3,1,1,311,"Low Engagement"
871,2023-08-31,CUST871,Male,62,Beauty,2,30,60,122,1,60,3,1,1,311,"Low Engagement"
872,2023-10-11,CUST872,Female,63,Beauty,3,25,75,81,1,75,4,1,1,411,"Low Engagement"
873,2023-09-29,CUST873,Female,27,Electronics,4,25,100,93,1,100,4,1,1,411,"Low Engagement"
874,2023-06-26,CUST874,Male,60,Beauty,1,30,30,188,1,30,3,1,1,311,"Low Engagement"
875,2023-08-06,CUST875,Female,51,Electronics,4,500,2000,147,1,2000,3,1,5,315,"Big Spenders"
876,2023-10-09,CUST876,Male,43,Clothing,4,30,120,83,1,120,4,1,1,411,"Low Engagement"
877,2023-06-19,CUST877,Female,58,Clothing,1,25,25,195,1,25,2,1,1,211,"At Risk"
878,2023-06-30,CUST878,Female,20,Clothing,1,30,30,184,1,30,3,1,1,311,"Low Engagement"
879,2023-12-26,CUST879,Male,23,Clothing,1,30,30,5,1,30,5,1,1,511,"Loyal Customers"
880,2023-08-21,CUST880,Male,22,Beauty,2,500,1000,132,1,1000,3,1,4,314,"Low Engagement"
881,2023-05-19,CUST881,Male,22,Electronics,1,300,300,226,1,300,2,1,2,212,"At Risk"
882,2023-06-06,CUST882,Female,64,Electronics,2,25,50,208,1,50,2,1,1,211,"At Risk"
883,2023-05-09,CUST883,Male,40,Electronics,1,500,500,236,1,500,2,1,3,213,"At Risk"
884,2023-04-29,CUST884,Female,26,Clothing,2,30,60,246,1,60,2,1,1,211,"At Risk"
885,2023-03-03,CUST885,Female,52,Clothing,4,30,120,303,1,120,2,1,1,211,"At Risk"
886,2023-04-09,CUST886,Male,37,Electronics,3,300,900,266,1,900,2,1,3,213,"At Risk"
887,2023-06-11,CUST887,Male,59,Clothing,4,25,100,203,1,100,2,1,1,211,"At Risk"
888,2023-03-03,CUST888,Female,52,Electronics,4,25,100,303,1,100,2,1,1,211,"At Risk"
889,2023-10-02,CUST889,Female,35,Electronics,1,50,50,90,1,50,4,1,1,411,"Low Engagement"
890,2023-12-20,CUST890,Male,34,Electronics,2,25,50,11,1,50,5,1,1,511,"Loyal Customers"
891,2023-04-05,CUST891,Male,41,Electronics,3,300,900,270,1,900,2,1,3,213,"At Risk"
892,2023-04-09,CUST892,Male,20,Electronics,1,50,50,266,1,50,2,1,1,211,"At Risk"
893,2023-04-21,CUST893,Male,49,Electronics,1,50,50,254,1,50,2,1,1,211,"At Risk"
894,2023-09-05,CUST894,Male,52,Electronics,1,30,30,117,1,30,3,1,1,311,"Low Engagement"
895,2023-05-22,CUST895,Female,55,Clothing,4,30,120,223,1,120,2,1,1,211,"At Risk"
896,2023-10-29,CUST896,Female,30,Electronics,2,25,50,63,1,50,4,1,1,411,"Low Engagement"
897,2023-09-26,CUST897,Female,64,Electronics,2,50,100,96,1,100,4,1,1,411,"Low Engagement"
898,2023-11-02,CUST898,Female,42,Clothing,3,30,90,59,1,90,4,1,1,411,"Low Engagement"
899,2023-05-25,CUST899,Male,26,Clothing,2,300,600,220,1,600,2,1,3,213,"At Risk"
900,2023-02-21,CUST900,Male,21,Clothing,2,30,60,313,1,60,2,1,1,211,"At Risk"
901,2023-04-10,CUST901,Male,31,Electronics,1,30,30,265,1,30,2,1,1,211,"At Risk"
902,2023-06-01,CUST902,Female,54,Beauty,1,50,50,213,1,50,2,1,1,211,"At Risk"
903,2023-04-27,CUST903,Female,51,Beauty,4,50,200,248,1,200,2,1,1,211,"At Risk"
904,2023-07-04,CUST904,Male,28,Clothing,1,500,500,180,1,500,3,1,3,313,"Low Engagement"
905,2023-04-02,CUST905,Male,58,Beauty,1,300,300,273,1,300,2,1,2,212,"At Risk"
906,2023-06-04,CUST906,Female,20,Clothing,1,50,50,210,1,50,2,1,1,211,"At Risk"
907,2023-01-08,CUST907,Female,45,Electronics,1,25,25,357,1,25,2,1,1,211,"At Risk"
908,2023-12-29,CUST908,Male,46,Beauty,4,300,1200,2,1,1200,5,1,4,514,"Loyal Customers"
909,2023-10-01,CUST909,Male,26,Electronics,1,300,300,91,1,300,4,1,2,412,"Low Engagement"
910,2023-03-06,CUST910,Female,20,Beauty,3,50,150,300,1,150,2,1,1,211,"At Risk"
911,2023-05-21,CUST911,Male,42,Electronics,3,300,900,224,1,900,2,1,3,213,"At Risk"
912,2023-01-24,CUST912,Male,51,Beauty,3,50,150,341,1,150,2,1,1,211,"At Risk"
913,2023-01-28,CUST913,Male,29,Electronics,3,30,90,337,1,90,2,1,1,211,"At Risk"
914,2023-10-11,CUST914,Female,59,Electronics,1,500,500,81,1,500,4,1,3,413,"Low Engagement"
915,2023-05-30,CUST915,Female,26,Beauty,3,30,90,215,1,90,2,1,1,211,"At Risk"
916,2023-12-24,CUST916,Female,32,Electronics,1,50,50,7,1,50,5,1,1,511,"Loyal Customers"
917,2023-03-06,CUST917,Female,57,Electronics,4,50,200,300,1,200,2,1,1,211,"At Risk"
918,2023-11-23,CUST918,Female,42,Electronics,3,30,90,38,1,90,4,1,1,411,"Low Engagement"
919,2023-09-09,CUST919,Female,22,Beauty,2,25,50,113,1,50,3,1,1,311,"Low Engagement"
920,2023-02-22,CUST920,Female,28,Beauty,3,25,75,312,1,75,2,1,1,211,"At Risk"
921,2023-01-07,CUST921,Male,51,Electronics,3,25,75,358,1,75,2,1,1,211,"At Risk"
922,2023-10-21,CUST922,Male,41,Electronics,1,50,50,71,1,50,4,1,1,411,"Low Engagement"
923,2023-05-26,CUST923,Male,32,Beauty,3,300,900,219,1,900,2,1,3,213,"At Risk"
924,2023-08-29,CUST924,Male,55,Beauty,2,50,100,124,1,100,3,1,1,311,"Low Engagement"
925,2023-09-03,CUST925,Male,25,Electronics,1,300,300,119,1,300,3,1,2,312,"Low Engagement"
926,2023-08-14,CUST926,Male,22,Electronics,1,30,30,139,1,30,3,1,1,311,"Low Engagement"
927,2023-06-24,CUST927,Male,43,Electronics,4,500,2000,190,1,2000,3,1,5,315,"Big Spenders"
928,2023-04-05,CUST928,Female,35,Clothing,4,300,1200,270,1,1200,2,1,4,214,"At Risk"
929,2023-01-27,CUST929,Female,23,Beauty,3,25,75,338,1,75,2,1,1,211,"At Risk"
930,2023-05-10,CUST930,Male,54,Clothing,4,50,200,235,1,200,2,1,1,211,"At Risk"
931,2023-09-02,CUST931,Male,30,Beauty,4,30,120,120,1,120,3,1,1,311,"Low Engagement"
932,2023-02-28,CUST932,Female,45,Beauty,4,25,100,306,1,100,2,1,1,211,"At Risk"
933,2023-02-03,CUST933,Male,22,Beauty,1,30,30,331,1,30,2,1,1,211,"At Risk"
934,2023-07-25,CUST934,Male,30,Beauty,1,500,500,159,1,500,3,1,3,313,"Low Engagement"
935,2023-09-09,CUST935,Female,34,Beauty,1,50,50,113,1,50,3,1,1,311,"Low Engagement"
936,2023-02-07,CUST936,Male,57,Beauty,4,50,200,327,1,200,2,1,1,211,"At Risk"
937,2023-10-23,CUST937,Female,62,Beauty,1,500,500,69,1,500,4,1,3,413,"Low Engagement"
938,2023-11-19,CUST938,Male,49,Clothing,4,50,200,42,1,200,4,1,1,411,"Low Engagement"
939,2023-12-18,CUST939,Female,46,Electronics,1,300,300,13,1,300,5,1,2,512,"Loyal Customers"
940,2023-01-28,CUST940,Female,20,Electronics,1,30,30,337,1,30,2,1,1,211,"At Risk"
941,2023-03-19,CUST941,Female,57,Clothing,2,25,50,287,1,50,2,1,1,211,"At Risk"
942,2023-03-18,CUST942,Male,51,Clothing,3,500,1500,288,1,1500,2,1,5,215,"Big Spenders"
943,2023-10-16,CUST943,Female,57,Clothing,4,300,1200,76,1,1200,4,1,4,414,"Low Engagement"
944,2023-06-05,CUST944,Male,44,Clothing,2,25,50,209,1,50,2,1,1,211,"At Risk"
945,2023-02-13,CUST945,Male,30,Beauty,1,25,25,321,1,25,2,1,1,211,"At Risk"
946,2023-05-08,CUST946,Male,62,Electronics,4,500,2000,237,1,2000,2,1,5,215,"Big Spenders"
947,2023-03-02,CUST947,Male,50,Beauty,1,300,300,304,1,300,2,1,2,212,"At Risk"
948,2023-10-13,CUST948,Female,23,Electronics,3,25,75,79,1,75,4,1,1,411,"Low Engagement"
949,2023-08-02,CUST949,Female,41,Electronics,2,25,50,151,1,50,3,1,1,311,"Low Engagement"
950,2023-11-07,CUST950,Male,36,Clothing,3,300,900,54,1,900,4,1,3,413,"Low Engagement"
951,2023-11-02,CUST951,Male,33,Beauty,2,50,100,59,1,100,4,1,1,411,"Low Engagement"
952,2023-11-13,CUST952,Female,57,Clothing,1,25,25,48,1,25,4,1,1,411,"Low Engagement"
953,2023-04-26,CUST953,Male,45,Beauty,3,30,90,249,1,90,2,1,1,211,"At Risk"
954,2023-09-25,CUST954,Female,50,Electronics,3,300,900,97,1,900,4,1,3,413,"Low Engagement"
955,2023-07-14,CUST955,Male,58,Clothing,1,25,25,170,1,25,3,1,1,311,"Low Engagement"
956,2023-08-19,CUST956,Male,30,Clothing,3,500,1500,134,1,1500,3,1,5,315,"Big Spenders"
957,2023-08-15,CUST957,Female,60,Electronics,4,30,120,138,1,120,3,1,1,311,"Low Engagement"
958,2023-06-02,CUST958,Male,62,Electronics,2,25,50,212,1,50,2,1,1,211,"At Risk"
959,2023-10-29,CUST959,Female,42,Electronics,2,30,60,63,1,60,4,1,1,411,"Low Engagement"
960,2023-08-08,CUST960,Male,59,Clothing,2,30,60,145,1,60,3,1,1,311,"Low Engagement"
961,2023-06-06,CUST961,Male,53,Beauty,4,50,200,208,1,200,2,1,1,211,"At Risk"
962,2023-10-19,CUST962,Male,44,Clothing,2,30,60,73,1,60,4,1,1,411,"Low Engagement"
963,2023-11-14,CUST963,Female,55,Beauty,1,50,50,47,1,50,4,1,1,411,"Low Engagement"
964,2023-01-31,CUST964,Male,24,Clothing,3,300,900,334,1,900,2,1,3,213,"At Risk"
965,2023-11-09,CUST965,Male,22,Clothing,4,50,200,52,1,200,4,1,1,411,"Low Engagement"
966,2023-02-20,CUST966,Male,60,Electronics,2,500,1000,314,1,1000,2,1,4,214,"At Risk"
967,2023-04-17,CUST967,Male,62,Beauty,1,25,25,258,1,25,2,1,1,211,"At Risk"
968,2023-11-17,CUST968,Female,48,Clothing,3,300,900,44,1,900,4,1,3,413,"Low Engagement"
969,2023-04-19,CUST969,Female,40,Clothing,3,300,900,256,1,900,2,1,3,213,"At Risk"
970,2023-05-16,CUST970,Male,59,Electronics,4,500,2000,229,1,2000,2,1,5,215,"Big Spenders"
971,2023-12-05,CUST971,Female,27,Electronics,4,50,200,26,1,200,5,1,1,511,"Loyal Customers"
972,2023-02-11,CUST972,Male,49,Beauty,4,25,100,323,1,100,2,1,1,211,"At Risk"
973,2023-03-22,CUST973,Male,60,Clothing,1,50,50,284,1,50,2,1,1,211,"At Risk"
974,2023-05-03,CUST974,Male,47,Beauty,1,30,30,242,1,30,2,1,1,211,"At Risk"
975,2023-03-30,CUST975,Female,56,Clothing,4,50,200,276,1,200,2,1,1,211,"At Risk"
976,2023-10-10,CUST976,Female,48,Beauty,2,300,600,82,1,600,4,1,3,413,"Low Engagement"
977,2023-02-08,CUST977,Female,35,Electronics,3,25,75,326,1,75,2,1,1,211,"At Risk"
978,2023-03-22,CUST978,Female,53,Clothing,3,50,150,284,1,150,2,1,1,211,"At Risk"
979,2023-01-02,CUST979,Female,19,Beauty,1,25,25,363,1,25,2,1,1,211,"At Risk"
980,2023-07-29,CUST980,Female,31,Electronics,3,25,75,155,1,75,3,1,1,311,"Low Engagement"
981,2023-08-19,CUST981,Female,30,Electronics,2,30,60,134,1,60,3,1,1,311,"Low Engagement"
982,2023-12-19,CUST982,Female,46,Beauty,3,30,90,12,1,90,5,1,1,511,"Loyal Customers"
983,2023-11-01,CUST983,Female,29,Clothing,1,300,300,60,1,300,4,1,2,412,"Low Engagement"
984,2023-08-29,CUST984,Male,56,Clothing,1,500,500,124,1,500,3,1,3,313,"Low Engagement"
985,2023-05-30,CUST985,Female,19,Electronics,2,25,50,215,1,50,2,1,1,211,"At Risk"
986,2023-01-17,CUST986,Female,49,Clothing,2,500,1000,348,1,1000,2,1,4,214,"At Risk"
987,2023-04-29,CUST987,Female,30,Clothing,3,300,900,246,1,900,2,1,3,213,"At Risk"
988,2023-05-28,CUST988,Female,63,Clothing,3,25,75,217,1,75,2,1,1,211,"At Risk"
989,2023-12-28,CUST989,Female,44,Electronics,1,25,25,3,1,25,5,1,1,511,"Loyal Customers"
990,2023-05-25,CUST990,Female,58,Beauty,2,500,1000,220,1,1000,2,1,4,214,"At Risk"
991,2023-12-26,CUST991,Female,34,Clothing,2,50,100,5,1,100,5,1,1,511,"Loyal Customers"
992,2023-08-21,CUST992,Female,57,Electronics,2,30,60,132,1,60,3,1,1,311,"Low Engagement"
993,2023-02-06,CUST993,Female,48,Electronics,3,50,150,328,1,150,2,1,1,211,"At Risk"
994,2023-12-18,CUST994,Female,51,Beauty,2,500,1000,13,1,1000,5,1,4,514,"Loyal Customers"
995,2023-04-30,CUST995,Female,41,Clothing,1,30,30,245,1,30,2,1,1,211,"At Risk"
996,2023-05-16,CUST996,Male,62,Clothing,1,50,50,229,1,50,2,1,1,211,"At Risk"
997,2023-11-17,CUST997,Male,52,Beauty,3,30,90,44,1,90,4,1,1,411,"Low Engagement"
998,2023-10-29,CUST998,Female,23,Beauty,4,25,100,63,1,100,4,1,1,411,"Low Engagement"
999,2023-12-05,CUST999,Female,36,Electronics,3,50,150,26,1,150,5,1,1,511,"Loyal Customers"
1000,2023-04-12,CUST1000,Male,47,Electronics,4,30,120,263,1,120,2,1,1,211,"At Risk"
